cap_ave,remove,000,money,free,our,char_$,char_!,class
3.756,1,1,1,2,2,1,3,1
5.114,2,2,2,1,2,2,2,1
9.821,2,2,1,1,2,2,2,1
3.537,2,1,1,2,2,1,2,1
3.537,2,1,1,2,2,1,2,1
3.0,1,1,1,1,2,1,1,1
1.671,1,1,1,2,2,1,2,1
2.45,1,1,1,1,2,1,1,1
9.744,2,1,2,1,2,2,2,1
1.729,2,1,1,1,2,1,2,1
1.312,2,1,1,1,1,1,3,1
1.243,2,1,1,1,2,1,3,1
3.728,1,1,1,2,2,1,3,1
2.083,2,1,1,1,2,1,1,1
4.652,1,1,1,1,2,1,3,1
35.461,1,2,1,1,1,2,3,1
3.509,1,2,2,2,2,2,1,1
3.833,1,1,1,1,1,1,3,1
4.857,1,1,1,2,2,1,3,1
1.131,1,1,1,2,2,1,3,1
5.466,1,1,1,1,1,2,2,1
5.466,1,1,1,1,1,2,2,1
2.611,2,1,2,1,1,1,2,1
4.0,1,1,1,2,1,1,2,1
1.966,1,1,1,1,1,1,3,1
3.909,1,1,1,2,1,1,3,1
1.39,1,1,2,2,2,1,1,1
1.7,1,1,1,1,1,2,1,1
3.826,1,1,1,1,1,1,1,1
2.777,1,1,1,1,1,1,3,1
5.431,2,2,1,2,2,2,3,1
3.1,1,1,1,2,2,1,3,1
2.132,1,1,2,1,2,2,2,1
4.0,1,1,1,2,2,1,3,1
1.283,2,1,1,1,2,1,3,1
2.145,2,1,1,2,2,1,3,1
1.733,2,2,1,1,2,2,1,1
1.468,1,2,1,2,1,1,2,1
3.887,2,1,2,2,1,2,2,1
2.75,1,1,1,1,2,1,1,1
1.732,2,1,1,1,2,1,2,1
3.833,1,1,2,1,1,2,2,1
3.259,2,2,1,2,1,2,3,1
2.0,1,1,1,2,1,1,3,1
3.318,2,1,1,1,1,1,3,1
2.777,1,1,1,2,2,1,3,1
3.837,1,1,1,2,2,1,3,1
8.586,2,1,1,1,1,1,1,1
1.294,1,1,2,2,2,1,2,1
1.442,2,1,1,2,2,1,1,1
1.714,1,1,1,1,2,1,1,1
3.184,1,1,1,2,1,1,3,1
4.85,2,1,2,2,2,2,3,1
1.214,2,1,1,1,1,1,3,1
3.884,1,1,2,2,1,2,3,1
4.548,1,2,1,1,1,1,1,1
3.4,1,1,1,2,2,1,3,1
3.849,1,1,1,2,2,1,3,1
2.156,2,2,1,2,2,2,2,1
5.13,2,2,1,2,2,2,3,1
1.65,2,2,1,2,2,1,2,1
1.666,1,1,1,1,1,2,1,1
4.071,1,1,1,1,1,1,3,1
3.071,1,2,1,2,2,1,3,1
5.13,1,1,1,1,1,1,3,1
4.63,2,1,2,2,2,2,3,1
2.815,1,1,1,2,1,1,2,1
3.353,1,1,1,1,2,1,1,1
3.8,1,1,1,1,1,1,1,1
6.1,2,2,2,2,1,2,2,1
7.3,2,2,2,2,2,2,3,1
7.3,2,2,2,2,2,2,3,1
3.4,1,2,1,1,1,2,1,1
3.639,1,1,1,2,2,1,3,1
2.81,1,1,1,2,2,1,3,1
4.897,1,2,1,2,1,1,2,1
1.153,2,1,1,2,2,1,2,1
10.068,1,2,1,2,1,1,3,1
5.5,1,1,1,1,1,1,3,1
5.5,1,1,1,1,1,1,3,1
10.068,1,2,1,2,1,1,3,1
5.5,1,1,1,1,1,1,3,1
5.793,1,2,1,2,1,1,3,1
2.913,1,1,1,1,1,1,1,1
4.155,2,2,2,2,2,2,1,1
1.972,1,1,1,2,2,1,3,1
2.37,1,1,2,1,1,2,1,1
2.379,1,1,2,1,1,2,1,1
102.666,2,1,1,1,2,1,3,1
2.37,1,1,2,1,1,2,1,1
7.202,1,2,2,2,2,2,2,1
5.709,2,1,1,1,2,1,2,1
2.074,2,2,1,1,2,2,1,1
5.567,2,1,2,1,2,1,3,1
10.0,2,1,2,1,1,1,3,1
1.838,2,1,1,1,2,2,3,1
4.523,2,2,1,2,2,2,3,1
1.979,2,1,2,2,2,1,2,1
4.0,1,2,1,1,1,2,2,1
2.128,1,1,1,2,2,2,2,1
5.428,1,2,2,2,2,2,2,1
1.1,1,1,1,2,2,1,1,1
1.769,1,1,1,2,2,1,1,1
5.428,1,2,2,2,2,2,2,1
7.202,1,2,2,2,2,2,2,1
1.181,1,1,1,2,1,1,3,1
4.277,1,2,1,1,1,2,2,1
2.562,1,1,2,1,1,2,1,1
1.617,1,1,2,2,2,2,3,1
1.461,1,1,2,1,1,1,2,1
5.135,2,1,1,2,2,2,3,1
1.064,1,1,1,1,2,1,2,1
2.033,1,1,1,2,2,1,3,1
1.796,1,1,1,2,2,1,3,1
2.375,1,1,1,2,1,1,1,1
48.5,2,1,1,1,2,2,2,1
5.714,1,1,2,1,2,1,3,1
6.233,1,1,1,2,2,2,2,1
3.4,1,2,1,1,1,2,1,1
3.4,1,2,1,1,1,2,1,1
3.363,2,1,2,1,1,1,3,1
4.5,2,1,1,1,2,1,1,1
3.768,1,1,1,2,2,1,3,1
5.425,2,1,1,1,2,1,3,1
10.117,2,1,2,1,1,1,3,1
5.549,2,1,2,2,2,1,2,1
4.07,2,2,1,1,2,1,1,1
2.0,1,1,1,2,2,1,3,1
1.969,1,1,1,2,2,1,3,1
2.13,1,2,1,1,1,1,3,1
1.1,1,1,1,1,1,1,1,1
2.451,1,1,2,2,2,2,3,1
4.024,1,1,1,2,2,1,3,1
2.179,1,2,1,1,1,1,3,1
5.297,2,2,2,1,1,2,2,1
3.335,2,2,2,1,1,2,2,1
5.114,1,1,2,1,2,1,3,1
1.307,1,1,1,1,1,1,2,1
1.0,1,1,1,1,1,1,3,1
1.364,1,1,2,1,2,2,1,1
9.428,2,1,1,2,2,1,1,1
2.823,1,2,2,2,2,2,2,1
1.463,1,1,1,2,2,1,3,1
5.02,2,1,1,1,2,1,3,1
2.333,1,1,1,1,1,2,2,1
4.07,2,2,1,1,2,1,2,1
5.454,2,2,1,2,2,2,3,1
2.676,2,1,1,2,1,1,1,1
5.047,2,1,1,2,2,2,3,1
3.923,1,2,1,2,2,2,3,1
4.0,1,2,1,2,2,2,3,1
3.184,1,2,1,1,2,2,2,1
2.403,1,1,1,2,2,1,3,1
2.122,1,1,1,2,2,1,3,1
2.25,2,1,1,1,1,1,2,1
86.65,2,2,2,2,2,2,3,1
3.812,2,1,1,2,1,1,1,1
6.266,1,1,1,2,1,2,2,1
1.423,1,2,1,1,2,1,1,1
1.423,1,2,1,1,2,1,1,1
6.815,2,2,1,2,2,2,2,1
3.4,1,2,1,1,1,2,1,1
9.043,1,1,2,2,2,1,3,1
1.537,2,1,2,2,2,2,1,1
3.112,1,1,2,2,2,1,2,1
2.021,1,1,1,2,2,1,3,1
13.0,2,1,1,2,1,2,1,1
5.328,2,1,1,2,2,2,3,1
6.586,2,1,1,1,2,1,3,1
1.103,1,1,1,1,1,1,1,1
1.103,1,1,1,1,1,1,1,1
4.16,2,2,1,1,2,1,1,1
7.17,1,1,1,2,1,1,1,1
1.293,1,1,1,2,1,1,3,1
16.739,2,1,1,1,2,1,3,1
1.494,2,1,2,2,2,2,1,1
11.888,1,1,1,1,2,1,3,1
16.739,2,1,1,1,2,1,3,1
1.823,2,1,1,2,1,2,2,1
3.493,1,2,1,2,2,2,3,1
2.5,1,1,1,1,1,1,1,1
5.594,2,1,2,2,2,1,2,1
3.401,1,1,2,2,2,2,3,1
3.401,1,1,2,2,2,2,3,1
4.153,1,1,1,2,1,1,3,1
2.604,1,2,1,2,2,2,3,1
2.195,2,1,2,2,2,2,1,1
3.456,2,1,2,1,2,2,2,1
2.195,2,1,2,2,2,2,1,1
5.423,2,1,1,2,2,2,3,1
6.294,2,1,1,1,2,1,3,1
5.687,1,1,1,1,2,1,3,1
2.866,1,1,2,2,1,2,2,1
1.829,2,1,1,2,2,1,1,1
2.962,1,1,2,1,1,2,2,1
2.529,2,1,1,2,2,1,3,1
9.428,2,1,1,1,2,1,1,1
16.217,2,1,1,1,2,1,3,1
3.564,2,2,1,1,1,1,1,1
3.459,1,2,1,2,2,2,3,1
16.217,2,1,1,1,2,1,3,1
6.364,2,1,1,1,2,1,2,1
14.818,2,1,1,2,1,2,3,1
6.789,2,1,1,1,2,1,3,1
2.9,1,1,1,1,1,1,3,1
5.058,2,1,1,2,2,2,3,1
2.22,1,1,1,2,2,1,3,1
1.206,1,1,1,2,2,1,3,1
4.064,2,1,2,1,2,1,3,1
5.163,2,1,2,1,2,1,3,1
1.206,1,1,1,1,2,1,1,1
6.487,1,2,2,2,1,2,3,1
1.494,2,1,2,2,2,2,1,1
2.0,1,1,1,2,1,2,3,1
2.623,1,1,2,1,1,2,2,1
2.917,2,1,1,2,2,1,3,1
2.542,1,1,2,1,1,2,2,1
2.333,2,2,1,2,2,2,3,1
2.616,1,1,1,1,1,1,1,1
2.9,1,1,1,1,1,1,3,1
1.333,1,1,1,1,1,1,2,1
5.8,2,1,1,2,2,1,2,1
1.2,1,1,1,2,2,1,3,1
3.718,1,1,1,2,2,1,3,1
1.357,1,1,1,1,1,1,3,1
4.35,2,1,1,1,2,2,3,1
4.818,1,1,2,1,1,2,1,1
2.698,1,1,2,1,1,2,2,1
4.617,1,1,1,1,1,1,3,1
4.592,1,1,1,2,2,1,3,1
1.266,1,1,1,1,1,1,1,1
4.74,2,1,1,2,2,2,3,1
4.835,2,1,1,2,2,2,3,1
7.055,1,1,1,1,1,1,3,1
4.5,1,1,2,1,1,2,1,1
5.538,1,1,1,2,1,2,2,1
1.48,2,1,1,1,1,1,2,1
2.776,1,1,2,1,2,2,2,1
3.787,1,2,1,2,2,2,3,1
2.44,1,2,1,2,2,2,3,1
1.477,1,1,1,2,1,1,2,1
1.583,2,1,1,1,1,1,1,1
1.494,2,1,2,2,2,2,1,1
4.23,1,1,2,1,1,2,1,1
5.538,1,1,1,2,1,2,2,1
2.44,1,2,1,2,2,2,3,1
1021.5,1,1,1,1,2,2,1,1
1.477,1,1,1,2,1,1,2,1
2.811,1,1,1,1,2,1,3,1
2.44,1,2,1,2,2,2,3,1
1.477,1,1,1,2,1,1,2,1
3.787,1,2,1,2,2,2,3,1
5.538,1,1,1,2,1,2,2,1
1.494,2,1,2,2,2,2,1,1
1.736,2,2,1,1,2,2,1,1
4.735,2,2,1,1,1,2,1,1
1.0,2,1,1,2,1,1,1,1
1.0,2,1,1,2,1,1,1,1
1.0,1,1,1,1,1,1,3,1
1.227,1,1,1,2,2,1,3,1
4.022,1,1,1,2,2,1,3,1
1.494,2,1,2,2,2,2,1,1
4.022,1,1,1,2,2,1,3,1
3.178,2,1,1,1,1,1,2,1
1.493,2,1,1,2,2,2,2,1
2.315,1,1,1,1,2,2,2,1
3.922,1,1,1,1,1,1,2,1
2.966,1,1,1,2,2,2,3,1
1.0,1,1,1,2,2,1,1,1
4.818,1,1,2,1,1,2,1,1
3.548,1,2,2,2,2,2,2,1
7.497,2,2,1,2,2,2,3,1
1.775,1,2,1,1,2,2,1,1
3.664,1,2,2,2,2,2,3,1
4.911,2,1,2,2,2,2,2,1
1.696,2,1,1,1,2,1,2,1
3.8,1,1,1,1,1,1,1,1
3.428,1,2,1,1,2,2,2,1
3.217,2,1,2,1,2,2,2,1
3.702,1,2,2,2,2,2,3,1
2.517,2,1,1,2,2,1,3,1
4.281,1,2,2,1,2,2,2,1
1.181,2,1,1,1,2,1,3,1
1.88,2,2,2,2,2,1,2,1
1.229,1,1,1,2,2,1,3,1
1.361,1,1,1,1,2,1,1,1
3.5,1,1,1,1,1,1,3,1
4.93,1,1,1,2,1,1,1,1
2.593,2,1,1,2,2,1,2,1
5.634,2,1,1,1,2,1,2,1
6.274,1,2,1,2,2,2,3,1
2.705,1,1,2,1,1,2,2,1
15.086,2,1,1,1,2,1,2,1
2.52,2,2,1,2,2,2,3,1
4.928,2,1,2,1,2,1,3,1
6.238,2,1,1,1,2,1,2,1
6.59,1,2,2,2,2,2,3,1
2.559,1,1,2,2,2,2,2,1
5.113,2,1,1,2,2,2,3,1
1.3,1,1,1,2,2,1,3,1
5.783,2,2,2,1,1,2,2,1
2.125,2,1,1,2,1,1,3,1
2.058,2,1,1,2,2,1,2,1
4.77,2,1,1,2,2,1,3,1
2.032,1,1,1,2,2,1,1,1
2.441,2,2,1,1,2,2,3,1
1.312,1,1,1,2,1,1,2,1
3.895,1,1,1,2,2,1,3,1
1.5,1,1,1,1,1,1,1,1
3.577,1,2,2,2,2,2,2,1
1.44,1,1,1,1,2,1,3,1
3.6,1,2,1,1,1,2,2,1
15.493,1,2,2,1,2,2,2,1
1.531,2,1,1,1,1,1,1,1
13.82,2,1,1,2,2,1,2,1
2.576,1,1,2,2,2,2,2,1
2.351,1,1,1,2,2,1,1,1
2.351,1,1,1,2,2,1,1,1
12.382,2,1,2,2,1,1,3,1
3.125,1,1,2,1,2,2,3,1
3.2,1,2,1,1,2,2,1,1
1.0,1,1,1,2,1,1,1,1
2.25,1,1,1,2,2,1,1,1
2.022,1,1,1,2,1,2,2,1
4.0,1,1,1,1,1,2,2,1
7.951,2,1,1,1,2,1,2,1
3.6,1,2,1,1,1,2,1,1
2.681,1,1,1,1,1,1,3,1
11.288,1,2,2,1,2,2,2,1
3.78,1,1,1,1,2,1,1,1
2.3,1,1,1,1,1,1,3,1
1.666,1,1,1,1,1,1,3,1
1.666,1,1,1,1,1,1,3,1
2.3,1,1,1,1,1,1,3,1
1.688,2,1,2,2,2,2,1,1
3.95,1,2,1,1,1,2,2,1
1.864,1,1,1,1,1,1,1,1
1.0,1,1,1,1,1,1,3,1
5.833,1,1,2,2,2,2,3,1
6.813,2,2,2,2,2,2,2,1
3.714,1,1,1,1,1,1,2,1
6.8,2,2,2,2,2,2,2,1
3.298,1,2,1,1,2,2,2,1
2.05,2,2,1,1,2,2,2,1
8.181,2,2,1,2,2,2,3,1
6.8,2,2,2,2,2,2,2,1
3.794,2,1,2,1,2,2,3,1
2.363,1,1,1,1,1,1,1,1
6.033,2,2,2,1,2,2,3,1
6.518,1,2,2,2,2,2,3,1
3.0,1,1,1,1,1,1,1,1
4.1,1,2,1,1,1,2,3,1
7.54,2,2,1,2,2,2,2,1
3.244,2,2,1,1,1,2,2,1
4.623,2,2,2,2,2,2,3,1
2.84,1,2,1,1,1,2,3,1
5.608,2,2,2,1,2,2,3,1
11.0,1,2,2,1,2,2,2,1
4.398,2,1,1,2,1,2,2,1
4.066,1,1,1,1,1,2,2,1
3.333,2,2,1,2,1,1,2,1
2.972,1,1,1,1,1,1,1,1
1.777,1,1,1,1,1,2,3,1
3.278,2,2,1,1,2,2,2,1
8.026,2,2,2,2,2,2,3,1
3.689,1,2,1,1,2,1,2,1
5.074,1,2,1,1,2,2,1,1
3.871,1,1,1,1,2,1,2,1
6.049,2,2,2,2,2,2,3,1
7.538,1,2,1,1,2,2,2,1
2.9,1,2,1,1,1,2,2,1
3.0,1,2,1,1,1,2,2,1
2.61,1,2,2,1,2,2,2,1
3.75,1,1,1,1,1,2,2,1
4.133,1,1,1,1,1,2,2,1
1.47,2,1,1,2,1,2,1,1
1.636,1,2,1,2,1,2,2,1
1.095,1,1,1,1,2,1,1,1
1.0,1,1,2,1,1,1,1,1
3.871,1,1,1,1,2,1,2,1
7.369,2,1,2,1,2,1,2,1
1.204,2,1,1,1,1,1,1,1
1.594,2,1,1,1,2,1,2,1
4.913,1,1,2,2,2,2,3,1
6.683,1,2,2,2,2,2,3,1
3.15,1,1,2,1,1,2,2,1
6.978,2,1,2,2,2,1,2,1
5.274,1,1,2,2,1,2,3,1
5.778,1,1,1,2,2,1,3,1
2.232,1,2,2,1,1,2,2,1
2.35,2,1,1,2,1,1,2,1
3.666,1,1,1,1,1,1,1,1
2.695,2,1,1,1,1,1,1,1
5.555,1,1,1,2,2,1,1,1
6.171,2,2,2,1,2,2,2,1
5.875,1,1,1,1,1,1,3,1
3.857,1,1,1,1,1,2,2,1
9.2,1,1,1,1,1,1,3,1
2.766,1,1,2,2,1,2,2,1
6.652,2,1,2,2,1,2,3,1
6.652,2,1,2,2,1,2,3,1
2.695,2,1,1,1,1,1,1,1
4.047,1,1,1,1,1,2,1,1
4.947,2,1,2,1,2,2,3,1
62.75,1,2,1,1,1,1,1,1
3.816,1,2,1,1,2,1,2,1
1.287,1,1,1,2,2,1,2,1
3.2,1,1,1,1,1,1,2,1
2.769,1,1,1,1,1,1,1,1
1.325,2,1,1,2,1,1,2,1
3.155,2,1,2,2,2,2,3,1
1.961,2,2,1,1,2,2,1,1
11.035,2,1,1,1,1,1,2,1
2.551,1,1,1,1,1,1,3,1
6.896,2,2,2,2,1,2,2,1
1.526,1,1,1,1,1,1,2,1
5.175,1,1,2,1,2,1,3,1
5.774,1,2,2,2,2,2,2,1
3.846,1,2,1,2,2,2,2,1
14.5,1,1,1,1,1,1,1,1
5.0,2,2,1,2,1,1,3,1
4.215,1,2,2,1,2,2,2,1
2.375,2,2,1,1,2,2,3,1
8.55,2,2,1,1,2,2,3,1
4.215,1,2,2,1,2,2,2,1
6.134,1,2,2,2,2,2,3,1
2.651,1,2,1,2,2,1,3,1
1.916,1,1,1,1,1,2,3,1
1.827,1,2,1,1,1,1,2,1
7.054,1,2,1,1,1,1,2,1
1.102,2,1,1,2,2,1,2,1
4.285,2,1,2,1,2,2,3,1
1.25,1,1,1,1,2,1,2,1
2.324,1,2,2,1,1,2,2,1
4.029,2,1,1,1,1,2,2,1
3.925,1,1,1,1,1,1,1,1
3.0,2,2,1,2,1,2,3,1
2.481,2,1,1,2,2,1,3,1
3.179,2,1,2,1,2,2,3,1
1.0,1,1,1,1,1,1,1,1
6.152,2,2,2,2,2,2,3,1
7.527,2,1,1,1,2,1,2,1
3.979,1,1,2,1,2,1,3,1
4.337,1,1,1,2,2,1,3,1
3.488,2,1,1,1,1,1,3,1
7.512,2,1,1,1,2,2,1,1
4.181,2,1,2,1,1,1,2,1
92.333,2,1,1,1,1,2,3,1
9.1,1,1,1,2,1,1,3,1
7.138,2,1,1,1,2,1,2,1
6.266,2,1,2,2,1,2,3,1
4.297,2,1,1,1,2,1,1,1
3.666,1,2,1,1,1,2,3,1
4.273,1,1,1,2,2,1,3,1
6.932,2,2,1,2,1,2,3,1
2.571,2,1,2,1,1,2,2,1
4.411,2,2,2,2,2,1,3,1
1.894,2,1,1,2,2,2,2,1
2.333,1,1,2,1,1,1,2,1
1.0,1,1,1,1,1,1,1,1
5.459,2,2,2,2,1,2,2,1
4.339,2,2,1,1,2,2,3,1
4.43,1,1,1,2,2,1,3,1
3.502,1,1,2,2,2,1,2,1
12.454,2,1,2,2,2,1,1,1
3.571,1,2,1,2,1,1,3,1
4.0,1,1,1,1,2,2,2,1
664.0,1,1,1,1,2,2,3,1
3.115,2,1,1,2,2,1,2,1
1.409,1,1,1,1,2,1,3,1
16.644,1,1,1,1,2,1,1,1
2.953,2,2,1,1,2,2,3,1
3.697,1,2,2,2,1,2,3,1
2.0,1,1,2,1,1,1,2,1
129.5,1,1,2,2,2,1,3,1
8.763,1,2,2,1,2,2,2,1
3.382,2,2,2,2,2,1,3,1
6.305,2,2,2,2,2,2,3,1
3.305,2,1,2,2,2,2,2,1
3.0,2,1,1,1,1,2,1,1
2.15,2,2,1,1,2,1,2,1
1.023,1,1,1,2,1,1,1,1
2.263,1,1,1,2,1,1,2,1
3.571,1,2,1,2,1,1,3,1
13.266,1,2,1,1,1,1,3,1
8.55,2,2,1,1,2,2,3,1
6.161,2,2,2,2,2,1,2,1
11.463,1,2,2,1,1,2,3,1
8.55,2,2,1,1,2,2,3,1
3.163,2,1,2,1,2,2,3,1
1.779,1,1,1,2,2,1,2,1
2.922,2,1,1,2,2,2,2,1
3.16,2,1,2,1,2,2,3,1
8.166,2,1,1,1,1,1,1,1
3.439,2,1,1,1,1,2,2,1
2.021,2,1,2,2,1,2,2,1
3.219,2,1,2,2,2,1,3,1
3.328,2,1,2,2,2,2,2,1
9.64,1,1,2,2,1,2,2,1
4.171,1,2,1,1,1,2,2,1
4.041,2,1,1,2,2,2,2,1
3.745,2,1,1,2,2,2,2,1
3.214,2,1,2,1,1,1,2,1
5.236,2,1,2,2,2,1,3,1
2.08,2,1,2,2,2,1,2,1
337.25,2,1,1,1,2,2,3,1
337.25,2,1,1,1,2,2,3,1
3.632,2,1,1,1,2,1,2,1
8.55,2,2,1,1,2,2,3,1
5.872,2,2,2,2,2,2,2,1
5.872,2,2,2,2,2,2,2,1
2.235,1,1,1,1,2,2,2,1
1.94,2,1,2,2,2,1,2,1
1.055,1,1,1,1,1,1,1,1
4.0,2,2,1,2,1,1,2,1
2.051,2,2,1,1,2,2,1,1
3.964,1,2,2,2,2,2,3,1
4.923,2,2,2,1,2,2,2,1
5.886,1,2,1,1,2,1,2,1
1.781,2,1,1,2,2,2,2,1
1.895,1,1,1,1,2,1,2,1
2.779,2,1,1,1,2,1,1,1
2.257,2,1,1,2,1,1,2,1
2.82,2,1,1,2,2,1,1,1
4.333,2,1,1,2,1,2,3,1
8.445,2,2,2,1,2,2,3,1
1.0,1,1,1,1,1,1,1,1
2.257,2,1,1,2,1,1,2,1
2.285,2,1,1,2,2,1,2,1
6.584,2,1,2,2,2,1,2,1
2.444,2,1,1,1,1,1,2,1
2.375,2,2,1,1,2,2,3,1
5.85,2,1,2,2,2,1,2,1
2.0,2,1,2,1,2,2,1,1
2.03,2,1,2,1,2,2,1,1
2.932,2,2,1,2,1,2,3,1
3.537,1,1,1,1,1,1,2,1
2.015,2,1,2,1,2,2,1,1
14.58,1,1,2,1,2,1,2,1
4.137,2,1,2,2,2,2,2,1
1.102,2,1,1,2,2,1,2,1
1.826,1,1,1,2,2,2,3,1
2.326,2,1,1,1,2,1,1,1
1.796,2,2,1,1,2,2,1,1
7.552,1,1,1,2,1,1,2,1
4.071,2,1,1,2,2,1,2,1
1.8,1,1,1,1,1,2,3,1
2.215,1,1,1,2,2,2,1,1
3.15,2,1,1,1,1,2,1,1
2.4,1,1,1,1,1,1,1,1
3.771,1,2,1,1,2,1,2,1
1.833,2,1,1,1,2,2,3,1
4.18,1,1,2,1,1,1,2,1
3.816,1,2,1,1,2,1,2,1
1.325,2,1,1,2,1,1,2,1
6.652,2,1,2,2,1,2,3,1
9.218,2,1,2,1,1,1,3,1
9.652,1,1,2,2,1,2,3,1
3.066,2,1,1,1,2,1,2,1
3.758,1,2,1,1,2,1,2,1
5.622,2,2,2,2,2,2,2,1
2.492,2,1,1,2,2,1,1,1
8.972,2,1,1,2,2,1,2,1
3.809,1,1,1,1,1,1,3,1
9.25,2,1,1,2,1,1,2,1
3.707,1,1,2,1,1,1,2,1
3.812,1,1,1,1,1,2,2,1
56.538,1,1,1,2,2,2,3,1
3.758,1,2,1,1,2,1,2,1
7.55,2,2,1,2,2,2,3,1
8.733,1,1,2,1,1,1,1,1
3.809,1,1,1,1,1,1,3,1
8.161,1,2,1,1,1,2,1,1
6.601,2,2,2,2,2,2,3,1
4.47,2,1,2,1,2,1,2,1
6.111,2,1,2,2,2,1,2,1
57.076,1,1,1,2,2,2,3,1
57.076,1,1,1,2,2,2,3,1
3.689,1,2,1,1,2,1,2,1
2.08,2,2,1,2,1,2,3,1
4.551,1,1,1,2,1,1,3,1
6.029,2,2,2,2,2,2,3,1
3.774,1,1,2,2,2,2,2,1
22.714,1,1,1,1,2,1,2,1
4.192,1,2,1,1,2,1,1,1
5.038,1,2,1,1,2,2,1,1
5.038,1,2,1,1,2,2,1,1
5.038,1,2,1,1,2,2,1,1
8.851,1,2,1,2,2,2,2,1
2.7,2,1,1,2,1,2,2,1
2.842,2,1,1,2,1,1,3,1
5.241,2,1,2,1,2,2,3,1
3.529,2,1,1,1,2,2,1,1
6.758,2,2,2,2,2,2,2,1
24.375,1,1,1,1,1,1,1,1
4.1,1,2,1,1,1,2,3,1
2.0,1,1,1,1,1,1,3,1
107.4,1,1,1,1,2,2,3,1
4.466,1,1,1,1,1,1,3,1
5.708,2,1,2,2,2,1,2,1
1.787,1,1,1,2,1,1,2,1
1.787,1,1,1,2,1,1,2,1
5.87,1,1,1,2,2,2,3,1
2.058,1,1,1,2,1,1,1,1
6.813,2,2,2,2,2,2,2,1
1.915,2,2,1,1,1,1,1,1
1.867,2,2,2,1,1,1,1,1
3.707,1,1,2,2,2,1,3,1
1.58,2,1,2,1,2,2,2,1
6.266,2,1,1,1,1,2,2,1
5.985,1,1,2,2,2,2,3,1
2.666,1,1,1,1,1,1,3,1
1.559,2,2,1,1,2,1,1,1
2.093,2,2,1,1,2,2,1,1
3.791,2,1,1,1,2,2,2,1
4.947,1,1,2,2,2,2,3,1
2.405,2,1,2,1,1,2,1,1
3.384,1,1,1,1,2,2,1,1
1.666,1,1,1,1,1,1,3,1
1.6,1,1,1,2,1,1,1,1
49.866,1,1,1,2,2,2,3,1
57.23,1,1,1,2,2,2,3,1
10.125,2,1,1,1,2,2,3,1
3.446,2,1,2,1,2,1,2,1
5.181,1,1,2,1,1,2,1,1
12.148,2,1,1,2,1,1,3,1
57.23,1,1,1,2,2,2,3,1
2.25,1,1,1,2,2,1,1,1
2.25,1,1,1,2,2,1,1,1
667.0,1,1,1,1,2,2,3,1
3.476,1,2,1,1,1,2,1,1
2.2,1,1,1,2,1,1,3,1
2.93,1,1,2,2,2,1,2,1
2.0,1,1,1,1,1,1,1,1
5.761,2,2,2,2,2,2,3,1
2.358,1,1,2,2,2,2,1,1
2.227,1,1,1,1,2,1,1,1
4.84,2,1,1,2,2,1,3,1
12.332,1,2,2,1,2,1,2,1
2.441,2,2,1,1,2,2,3,1
3.545,1,1,1,1,1,2,1,1
6.59,1,2,2,2,2,2,3,1
11.96,1,1,2,1,1,2,2,1
4.5,1,1,2,1,1,2,1,1
2.592,2,1,1,2,1,2,1,1
3.89,1,1,1,2,1,2,3,1
4.576,2,2,1,2,1,2,2,1
1.494,2,1,2,2,2,2,1,1
9.186,1,2,1,2,1,2,2,1
2.868,1,1,1,2,2,1,3,1
1.494,2,1,2,2,2,2,1,1
1.494,2,1,2,2,2,2,1,1
2.627,1,2,1,2,2,2,3,1
10.578,1,2,1,1,1,2,3,1
2.555,1,2,1,2,2,2,3,1
1.937,1,1,1,2,2,2,3,1
2.586,2,1,1,2,2,1,2,1
2.555,1,2,1,2,2,2,3,1
4.035,1,1,1,2,2,1,2,1
3.35,2,2,1,1,2,2,3,1
4.176,1,1,1,2,1,1,2,1
3.538,2,1,1,2,2,1,2,1
2.9,1,1,1,1,1,1,3,1
10.585,1,1,1,1,1,1,2,1
2.125,2,1,1,1,2,1,1,1
2.9,1,1,1,1,1,1,3,1
4.913,1,1,1,1,2,1,1,1
4.924,1,1,1,1,2,1,1,1
2.75,2,1,1,2,1,1,3,1
295.0,1,1,1,1,2,1,3,1
589.0,1,1,1,1,2,1,3,1
3.168,1,1,1,1,2,1,1,1
1.69,2,1,2,1,2,1,3,1
3.168,1,1,1,1,2,1,1,1
12.176,2,1,1,2,1,1,3,1
10.692,2,1,1,2,2,1,1,1
2.673,1,1,1,2,2,1,3,1
1.676,2,1,1,2,1,1,1,1
2.095,2,2,1,2,1,2,2,1
4.818,1,1,2,1,1,2,1,1
3.922,1,1,1,1,1,1,2,1
2.315,1,1,1,1,2,2,2,1
2.315,1,1,1,1,2,2,2,1
2.353,1,1,1,2,1,1,2,1
2.333,2,1,1,1,2,1,1,1
4.33,1,2,2,1,1,2,3,1
4.022,1,1,1,2,2,1,3,1
3.184,2,1,2,1,2,1,2,1
4.022,1,1,1,2,2,1,3,1
2.15,2,2,1,2,1,2,2,1
2.15,2,2,1,2,1,2,2,1
5.216,1,1,2,2,2,2,2,1
2.934,1,1,2,2,1,2,3,1
9.052,2,2,1,1,2,2,3,1
2.511,2,2,1,2,2,2,3,1
2.592,2,1,1,2,1,2,1,1
2.548,1,1,2,1,1,2,2,1
4.818,1,1,2,1,1,2,1,1
7.0,1,1,1,1,1,1,3,1
4.281,2,2,1,2,1,2,3,1
9.266,2,1,1,2,1,1,2,1
4.6,2,1,2,2,2,1,2,1
3.322,1,2,1,2,2,2,2,1
3.096,1,1,1,2,1,1,2,1
13.5,1,1,1,1,2,1,2,1
1.477,1,1,1,2,1,1,2,1
15.892,2,1,1,2,2,1,2,1
7.181,1,1,1,2,1,1,2,1
69.727,1,1,1,2,2,2,3,1
64.416,1,1,1,2,2,2,3,1
64.416,1,1,1,2,2,2,3,1
6.404,2,1,2,2,2,2,3,1
5.96,1,1,1,1,2,2,3,1
4.818,1,1,2,1,1,2,1,1
1.932,1,1,2,2,1,2,2,1
18.4,1,1,1,2,1,2,3,1
6.294,1,1,2,2,1,2,3,1
6.055,1,1,2,2,1,2,3,1
18.4,1,1,1,2,1,2,3,1
18.4,1,1,1,2,1,2,3,1
2.271,1,1,2,1,2,1,2,1
1.54,1,1,2,1,2,1,1,1
3.29,2,1,2,1,2,1,2,1
2.884,1,1,1,1,1,1,3,1
4.906,1,1,1,1,2,1,1,1
8.636,1,1,1,2,1,1,2,1
6.77,2,2,2,2,2,2,3,1
14.88,2,2,2,1,1,2,1,1
8.55,2,2,1,1,2,2,3,1
2.815,1,1,1,2,2,1,3,1
2.0,1,1,1,2,1,2,3,1
6.1,2,1,1,1,2,1,2,1
5.787,1,2,2,2,1,2,3,1
1.494,2,1,2,2,2,2,1,1
1.494,2,1,2,2,2,2,1,1
7.561,2,2,1,2,2,2,3,1
8.461,1,1,1,2,2,1,3,1
3.111,1,2,1,1,1,2,3,1
1.49,1,1,1,1,2,1,1,1
2.472,2,1,2,1,2,1,3,1
2.466,2,1,1,2,1,1,3,1
3.5,2,1,1,2,2,2,1,1
16.304,2,1,1,1,2,1,3,1
3.186,2,1,2,1,2,2,3,1
2.638,1,2,1,2,2,2,3,1
10.625,2,1,1,2,1,2,3,1
4.881,1,1,1,1,2,1,1,1
1.67,2,1,1,1,2,2,1,1
1.766,2,2,1,1,2,2,1,1
2.813,1,1,1,1,1,1,1,1
3.166,1,1,2,2,1,2,3,1
15.547,2,1,2,1,1,1,3,1
3.166,2,1,2,1,2,2,3,1
13.936,2,2,1,2,1,2,1,1
4.818,1,1,2,1,1,2,1,1
5.019,1,2,1,2,1,1,2,1
2.08,2,1,2,2,2,1,2,1
1.777,2,1,1,1,1,1,3,1
9.411,2,1,1,2,1,2,2,1
2.826,1,1,1,2,2,1,2,1
4.928,2,1,2,1,2,1,3,1
4.153,1,1,1,2,1,1,3,1
2.121,2,1,2,1,2,1,3,1
2.909,1,1,1,2,2,1,3,1
16.782,2,1,1,1,2,1,3,1
16.826,2,1,1,1,2,1,3,1
2.042,2,2,2,2,2,1,2,1
15.16,2,1,1,1,2,1,3,1
2.293,2,1,1,2,2,1,2,1
2.264,1,1,2,1,2,1,2,1
3.412,2,1,1,1,2,2,2,1
1.515,2,1,2,2,2,2,1,1
1.838,2,2,1,1,2,2,1,1
5.166,2,2,1,1,2,2,3,1
3.166,1,1,2,2,1,2,3,1
9.5,1,1,1,1,1,1,2,1
1.2,2,1,1,1,1,1,1,1
4.16,2,2,1,1,2,1,1,1
4.16,2,2,1,1,2,1,1,1
2.17,2,1,2,2,2,2,3,1
4.892,2,1,2,2,2,1,2,1
7.857,2,1,1,1,2,1,1,1
3.0,1,1,1,1,1,1,2,1
1.846,2,1,1,1,2,2,3,1
7.0,2,1,2,1,2,1,2,1
4.08,2,2,1,2,2,2,3,1
1.823,1,1,1,1,1,2,3,1
5.323,2,2,1,2,2,2,3,1
2.944,1,2,1,2,1,2,3,1
2.95,1,1,1,2,2,1,2,1
1.375,1,1,1,1,1,1,3,1
25.22,2,1,2,2,2,1,1,1
2.041,1,1,2,2,1,2,2,1
3.341,2,1,2,2,2,2,2,1
2.03,1,1,2,2,1,2,2,1
3.338,2,1,2,2,2,2,2,1
1.745,1,1,2,2,2,2,1,1
3.338,2,1,2,2,2,2,2,1
1.752,1,1,2,2,2,2,1,1
5.681,1,2,2,2,2,2,3,1
2.103,1,2,1,1,1,1,1,1
3.0,1,1,1,1,1,1,3,1
2.336,1,2,2,2,2,2,1,1
3.076,2,2,2,1,1,2,2,1
5.114,1,1,2,1,2,1,3,1
5.114,1,1,2,1,2,1,3,1
4.892,2,1,2,2,2,1,2,1
5.0,1,1,1,1,1,1,3,1
1.53,1,1,2,1,2,2,3,1
7.541,1,2,1,1,2,2,2,1
4.07,2,2,1,1,2,1,1,1
5.549,2,1,2,2,2,1,2,1
6.05,2,2,2,1,1,2,2,1
3.921,2,1,2,2,2,2,2,1
4.07,2,2,1,1,2,1,1,1
1.763,1,1,1,1,1,2,3,1
18.37,2,1,1,2,1,1,1,1
58.705,1,2,1,2,2,2,3,1
4.307,1,1,1,1,1,1,3,1
5.8,1,1,1,1,2,2,3,1
3.333,1,2,1,1,1,2,2,1
12.692,1,1,1,2,2,1,3,1
1.764,2,1,1,1,2,1,2,1
4.727,2,1,2,1,1,2,1,1
1.903,2,1,1,1,2,2,3,1
3.37,2,1,1,1,2,2,3,1
4.722,1,1,2,1,1,1,1,1
1.612,1,2,1,2,1,1,2,1
5.558,2,2,1,2,2,2,3,1
3.166,1,1,2,2,1,2,3,1
4.761,2,1,1,2,2,2,3,1
62.5,1,2,1,2,2,2,3,1
2.89,1,1,2,1,2,1,2,1
6.045,2,2,2,2,1,2,2,1
1.379,2,1,1,2,1,1,3,1
1.379,2,1,1,2,1,1,3,1
8.207,1,1,1,1,1,2,2,1
4.941,1,1,1,1,1,2,1,1
2.878,1,1,2,1,2,1,2,1
50.166,2,1,1,1,2,1,2,1
3.975,2,1,2,1,2,2,3,1
4.869,1,1,2,2,2,2,3,1
3.384,1,1,1,1,1,1,3,1
72.0,2,1,1,1,1,2,2,1
2.131,2,1,1,1,1,1,1,1
4.071,1,1,1,1,1,1,3,1
5.76,1,1,2,1,2,2,2,1
1.372,1,1,1,1,2,1,3,1
5.187,1,2,1,1,2,2,3,1
1.372,1,1,1,1,2,1,3,1
2.276,1,2,2,2,2,2,1,1
6.685,2,1,1,1,2,1,1,1
3.384,1,1,1,1,1,1,3,1
7.18,1,1,1,2,2,1,1,1
7.18,1,1,1,2,2,1,1,1
2.857,1,1,1,2,1,1,3,1
8.55,2,2,1,1,2,2,3,1
71.5,2,1,1,1,1,2,2,1
5.105,2,1,1,2,2,2,3,1
2.0,1,1,1,1,2,1,1,1
3.125,1,1,1,2,1,1,3,1
6.094,2,2,2,2,1,2,2,1
8.411,1,1,1,2,1,1,3,1
5.769,1,1,2,2,1,2,2,1
7.0,2,2,1,1,1,2,1,1
1.373,1,1,1,1,2,1,3,1
3.281,1,1,2,1,1,1,3,1
5.173,1,2,1,1,2,2,3,1
5.2,1,2,1,1,2,2,3,1
5.349,2,2,2,2,1,2,2,1
1.966,1,1,1,1,1,1,3,1
2.755,1,1,2,1,2,1,1,1
2.755,1,1,2,1,2,1,1,1
2.755,1,1,2,1,2,1,1,1
1.607,1,1,1,2,1,1,1,1
5.132,1,2,2,2,2,2,2,1
13.166,1,1,1,1,2,1,1,1
3.509,1,2,2,2,2,2,1,1
4.875,2,1,1,2,2,2,3,1
1.392,1,1,1,1,2,1,3,1
2.96,1,1,1,1,1,2,2,1
1.512,1,1,1,2,1,1,1,1
4.32,2,1,2,1,2,2,3,1
5.551,1,1,1,1,1,2,3,1
2.47,1,1,1,2,1,1,1,1
1.597,2,1,1,2,2,1,1,1
4.02,1,2,1,1,1,2,3,1
4.02,1,2,1,1,1,2,3,1
4.058,2,1,1,2,2,2,2,1
1.251,2,1,1,1,1,2,1,1
3.976,2,1,1,2,1,1,2,1
1.8,2,1,1,1,2,1,1,1
4.176,1,1,1,2,2,1,1,1
4.59,2,1,1,2,2,2,3,1
7.781,2,1,2,1,2,2,3,1
10.375,2,1,2,1,2,2,3,1
7.781,2,1,2,1,2,2,3,1
7.651,2,2,1,2,2,2,3,1
4.225,1,1,2,2,2,2,2,1
3.029,1,1,2,2,2,1,3,1
2.04,1,1,1,2,2,2,3,1
2.184,1,1,1,2,2,1,3,1
1.136,2,1,1,2,2,1,2,1
3.552,2,1,1,1,2,1,3,1
8.781,2,1,2,1,2,2,3,1
2.448,1,2,1,1,2,2,3,1
1.693,1,1,1,2,1,1,3,1
24.333,2,1,1,2,2,1,3,1
8.55,2,2,1,1,2,2,3,1
2.742,1,1,2,2,2,2,2,1
3.062,2,2,1,2,2,2,3,1
1.796,2,2,1,1,2,2,1,1
2.973,1,1,2,2,2,2,2,1
1.909,1,1,1,1,1,1,3,1
2.878,1,1,2,1,2,1,2,1
2.878,1,1,2,1,2,1,2,1
14.301,1,2,2,1,1,2,3,1
2.141,1,1,1,2,2,1,1,1
1.796,2,2,1,1,2,2,1,1
2.923,1,1,1,1,2,1,1,1
3.5,1,2,2,2,1,2,3,1
7.941,1,1,1,1,2,1,3,1
2.088,1,1,1,2,2,1,3,1
5.3,2,1,1,2,2,1,3,1
5.977,1,1,1,1,1,2,1,1
8.375,1,2,1,2,2,1,3,1
4.49,2,1,1,2,2,1,2,1
4.555,2,1,1,1,2,1,2,1
5.25,1,1,1,2,2,1,1,1
1.684,1,1,1,1,1,2,3,1
3.115,2,1,1,2,2,1,2,1
3.115,2,1,1,2,2,1,2,1
3.176,2,1,2,1,2,2,3,1
1.869,2,1,1,2,1,1,3,1
6.896,2,1,2,1,2,2,2,1
3.897,1,2,1,2,2,2,2,1
2.818,2,1,2,1,1,1,3,1
1.559,2,1,1,2,1,1,1,1
4.18,1,1,2,1,1,1,2,1
6.761,1,2,2,1,1,2,2,1
6.789,1,2,2,1,1,2,2,1
4.047,1,1,1,1,1,2,1,1
4.904,2,1,2,1,1,2,2,1
1.956,1,1,1,1,2,1,2,1
3.426,1,2,2,1,2,2,1,1
3.857,1,1,1,1,1,2,2,1
6.978,2,1,2,2,2,1,2,1
4.5,1,1,1,1,1,1,1,1
5.683,1,1,1,2,2,1,3,1
3.725,1,1,1,1,2,1,3,1
6.125,2,1,1,2,2,1,2,1
4.333,1,1,2,1,1,1,1,1
2.777,1,1,2,1,1,1,3,1
2.777,1,1,2,1,1,1,3,1
4.333,1,1,2,1,1,1,1,1
2.777,1,1,2,1,1,1,3,1
2.104,2,2,1,1,2,1,1,1
1.608,2,2,1,2,1,2,3,1
3.488,2,2,1,1,2,2,3,1
3.0,1,1,1,2,1,1,3,1
6.693,1,1,1,1,2,1,2,1
2.678,1,1,1,1,1,1,3,1
3.689,1,2,1,1,2,1,2,1
3.705,1,2,2,2,2,2,2,1
3.857,1,1,1,1,1,2,2,1
5.955,2,1,2,1,2,1,3,1
4.192,1,2,1,1,2,1,1,1
5.038,1,2,1,1,2,2,1,1
3.414,1,2,1,1,2,2,2,1
20.432,1,1,1,2,1,1,2,1
6.758,2,2,2,2,2,2,2,1
7.192,1,2,2,2,2,2,2,1
3.613,1,1,1,1,2,2,3,1
6.758,2,2,2,2,2,2,2,1
1.416,1,1,1,1,1,1,1,1
6.918,2,2,2,2,2,2,2,1
3.558,1,1,1,2,2,1,3,1
4.333,1,1,1,2,1,1,2,1
7.24,2,2,1,2,2,2,3,1
7.277,2,2,1,2,2,2,3,1
2.05,2,2,1,1,2,2,2,1
3.485,1,1,1,2,2,2,3,1
6.813,2,2,2,2,2,2,2,1
3.95,1,2,1,1,1,2,2,1
12.2,2,1,1,1,2,1,1,1
5.833,1,1,2,2,2,2,3,1
1.117,1,1,1,2,1,1,2,1
7.121,2,1,1,2,2,1,1,1
8.777,2,1,2,1,2,2,2,1
3.23,1,2,1,1,1,1,1,1
3.106,2,1,1,2,2,2,3,1
1.076,1,1,1,1,2,1,2,1
2.446,2,2,1,1,2,1,2,1
5.632,2,2,2,2,2,2,2,1
7.549,1,1,1,1,2,2,1,1
2.2,1,1,1,2,1,1,3,1
1.666,1,1,1,1,1,1,3,1
3.075,1,1,2,1,1,1,1,1
3.656,1,2,2,2,2,2,2,1
2.329,1,1,1,2,2,1,3,1
2.368,2,1,1,1,2,1,2,1
2.228,1,1,1,2,2,1,3,1
2.351,1,1,1,2,2,1,1,1
2.825,1,1,1,2,2,1,2,1
2.41,2,2,1,1,2,2,3,1
1.379,1,1,1,1,2,1,1,1
2.315,1,1,1,2,1,1,3,1
2.444,1,1,1,1,1,2,1,1
1.89,2,1,1,2,2,1,1,1
3.417,1,2,2,1,1,2,3,1
2.302,2,1,2,2,1,1,1,1
3.702,1,1,1,1,2,1,2,1
2.441,2,2,1,1,2,2,3,1
1.666,1,1,1,1,2,1,3,1
3.545,1,1,1,1,1,2,1,1
2.125,2,1,1,2,1,1,3,1
3.809,1,1,1,1,1,2,2,1
1.394,1,1,1,1,2,1,2,1
8.55,2,2,1,1,2,2,3,1
9.29,1,1,1,1,1,2,3,1
5.037,1,1,1,1,1,2,3,1
2.455,2,2,1,1,2,2,3,1
3.904,1,1,1,1,1,2,1,1
7.484,2,2,1,2,2,2,3,1
5.75,1,1,1,2,1,1,2,1
2.17,1,1,2,2,2,1,2,1
5.648,1,2,2,1,1,2,3,1
3.584,1,1,1,1,2,2,3,1
5.792,1,1,1,1,2,2,3,1
2.132,1,1,1,2,2,1,1,1
3.025,2,1,1,2,2,1,3,1
1.612,1,1,1,1,1,2,3,1
3.681,1,1,2,1,1,2,1,1
3.761,1,1,1,1,1,2,3,1
3.217,2,1,2,1,2,2,2,1
9.633,2,1,1,2,1,2,2,1
3.702,1,2,2,2,2,2,3,1
1.859,1,1,2,1,1,2,2,1
3.318,2,1,2,1,2,2,2,1
193.5,2,1,1,2,2,1,1,1
3.052,2,1,1,2,2,1,3,1
1.711,1,2,1,1,2,2,1,1
3.548,1,2,2,2,2,2,2,1
4.923,2,2,2,2,2,2,2,1
2.297,1,1,1,1,1,2,3,1
4.295,2,1,2,1,2,2,3,1
6.686,1,2,2,2,2,2,3,1
2.083,2,1,1,2,2,1,1,1
3.28,1,1,1,2,2,1,3,1
4.0,2,1,1,1,1,1,2,1
2.614,1,1,1,2,1,1,2,1
3.0,1,1,1,2,1,1,3,1
1.166,1,2,2,2,1,1,2,1
2.437,2,1,1,1,2,1,2,1
9.785,1,1,1,2,1,1,3,1
1.0,1,1,1,1,2,1,3,1
3.533,2,2,2,2,2,2,3,1
3.454,1,1,1,2,1,1,3,1
5.328,2,1,2,1,1,2,3,1
9.039,1,1,2,2,2,1,2,1
2.257,1,2,2,1,2,2,1,1
13.928,1,2,1,1,1,1,3,1
8.323,2,2,2,1,2,2,3,1
4.45,2,2,1,2,2,1,3,1
2.95,1,1,1,2,1,2,2,1
1.333,1,1,1,2,1,1,2,1
3.554,2,1,2,2,2,2,2,1
3.519,2,1,2,2,2,1,2,1
1.428,1,1,2,1,1,1,3,1
5.009,1,1,1,1,2,1,1,1
2.934,1,1,2,2,1,2,3,1
1.725,1,2,1,1,2,2,1,1
4.23,1,1,2,1,1,2,1,1
2.383,1,1,1,2,1,1,1,1
2.133,2,1,2,2,2,1,1,1
3.875,1,1,1,1,1,2,1,1
1.477,1,1,1,2,1,1,2,1
3.343,1,1,1,2,1,2,2,1
89.9,1,1,1,1,2,1,2,1
3.322,1,2,1,2,2,2,3,1
8.083,2,1,1,1,2,2,3,1
6.027,2,2,1,2,2,2,3,1
3.875,1,2,1,2,1,2,3,1
2.0,1,1,1,2,1,2,3,1
3.389,1,1,2,2,2,1,1,1
1.682,1,1,1,1,1,1,1,1
6.529,2,1,1,1,2,2,3,1
3.521,2,2,1,1,1,1,2,1
3.39,2,1,1,1,1,1,1,1
16.304,2,1,1,1,2,1,3,1
2.638,1,2,1,2,2,2,3,1
3.851,1,1,1,1,2,1,1,1
7.82,1,1,1,1,1,1,3,1
3.85,2,1,1,1,2,1,1,1
3.694,2,2,1,1,2,2,2,1
5.5,1,1,1,2,2,1,1,1
4.6,1,1,1,1,1,2,3,1
6.298,1,1,2,1,2,2,3,1
6.266,1,1,1,2,1,2,2,1
1.545,1,1,1,1,1,1,1,1
4.125,1,1,1,1,1,2,3,1
3.401,1,1,2,2,2,2,3,1
32.0,1,1,1,1,1,1,3,1
4.047,1,1,1,1,1,1,3,1
20.0,1,1,1,2,1,1,3,1
6.269,2,2,2,2,2,1,2,1
16.826,2,1,1,1,2,1,3,1
4.541,2,1,1,1,2,2,1,1
2.625,2,1,1,2,1,1,2,1
3.75,1,2,1,1,1,2,1,1
3.812,1,1,1,1,1,2,3,1
5.101,2,1,2,2,2,1,3,1
2.3,2,1,1,1,1,1,2,1
3.697,1,2,2,2,1,2,3,1
3.5,1,1,1,1,1,1,1,1
2.283,1,2,1,2,2,2,3,1
1.263,1,1,1,1,1,1,1,1
5.454,2,2,1,2,2,2,3,1
15.5,2,1,1,2,1,1,3,1
1.863,2,1,2,1,1,1,1,1
1.517,2,1,2,2,2,1,3,1
10.817,2,2,1,2,1,2,2,1
5.782,2,1,2,2,1,2,3,1
3.807,1,1,1,1,2,1,2,1
2.428,1,1,2,2,2,2,3,1
1.428,1,1,1,2,1,1,1,1
3.937,1,1,1,1,1,2,1,1
15.916,2,1,1,2,1,1,3,1
5.549,2,1,2,2,2,1,2,1
1.419,2,1,1,1,2,1,1,1
4.0,1,1,1,1,1,1,1,1
3.015,2,2,1,2,2,2,1,1
1.333,1,1,1,2,2,1,2,1
4.947,2,1,1,2,1,1,3,1
9.0,1,1,1,1,1,1,3,1
5.335,1,2,2,2,2,2,3,1
82.25,1,2,2,2,2,2,3,1
6.091,1,1,1,2,2,1,2,1
4.159,2,1,1,1,2,1,3,1
6.091,1,1,1,2,2,1,2,1
14.619,1,2,2,1,1,2,3,1
3.521,1,1,1,1,2,1,2,1
2.736,1,1,2,1,2,1,1,1
2.35,1,1,1,2,2,1,1,1
2.23,1,1,1,2,1,1,3,1
6.722,1,1,1,2,1,1,3,1
3.015,2,2,1,2,2,2,1,1
1.866,1,1,1,1,1,2,1,1
4.333,1,1,1,2,1,1,2,1
2.162,1,2,2,2,1,2,1,1
10.366,1,1,1,1,1,1,2,1
2.016,1,2,2,2,1,2,3,1
1.4,2,1,1,1,2,1,2,1
14.619,1,2,2,1,1,2,3,1
4.833,1,2,1,2,1,1,3,1
3.225,2,2,2,2,2,2,2,1
7.178,1,1,1,2,1,1,3,1
13.017,2,1,1,1,2,2,1,1
3.575,1,1,2,1,2,2,2,1
2.322,1,1,2,1,2,1,2,1
2.329,1,1,2,1,2,1,2,1
4.792,2,1,1,2,2,1,1,1
14.619,1,2,2,1,1,2,3,1
3.305,2,1,2,2,2,2,2,1
4.512,1,1,2,2,1,2,2,1
14.406,1,2,2,1,1,2,3,1
2.926,1,2,1,2,1,2,2,1
2.26,2,1,1,2,2,2,1,1
14.619,1,2,2,1,1,2,3,1
6.602,1,2,2,2,2,2,3,1
6.602,1,2,2,2,2,2,3,1
2.13,1,1,1,1,2,1,1,1
2.47,1,1,1,1,2,1,1,1
1.69,1,1,2,2,1,1,2,1
14.619,1,2,2,1,1,2,3,1
4.319,1,1,2,2,2,1,3,1
2.5,1,1,1,1,1,1,1,1
11.592,1,1,2,2,2,2,3,1
13.884,1,1,1,2,1,1,2,1
3.697,1,2,2,2,1,2,3,1
1.194,2,1,2,2,2,1,2,1
1.428,1,1,2,2,1,1,3,1
5.083,1,1,1,1,1,2,3,1
4.818,1,1,1,2,2,1,1,1
9.785,1,1,1,2,1,1,3,1
3.286,2,1,2,1,2,2,3,1
2.417,1,1,1,1,2,1,1,1
2.337,1,1,1,1,2,1,1,1
8.5,1,1,1,1,1,2,1,1
3.591,2,1,1,2,2,1,3,1
1.558,1,1,1,1,2,1,1,1
9.1,1,1,2,2,2,2,3,1
7.887,2,1,1,1,2,2,1,1
2.391,1,1,1,1,1,1,1,1
2.955,1,2,1,1,2,2,2,1
1.209,1,2,2,2,1,1,2,1
3.626,2,1,1,1,1,1,1,1
3.629,1,1,2,1,2,2,2,1
3.607,2,1,1,2,2,2,3,1
2.222,1,1,1,1,1,1,1,1
4.152,1,2,2,1,1,2,3,1
2.106,1,1,2,1,1,1,1,1
5.759,2,2,2,2,1,2,3,1
2.807,1,1,1,2,2,1,1,1
3.631,1,1,2,2,1,2,3,1
2.257,1,2,2,1,2,2,1,1
4.786,1,1,1,1,1,1,1,1
2.861,1,1,1,2,1,1,3,1
7.092,1,1,2,2,2,2,3,1
2.847,2,1,1,1,2,2,2,1
1.377,1,1,2,2,2,1,3,1
5.108,2,2,2,2,1,2,3,1
2.611,1,1,1,2,1,2,2,1
1.518,1,1,1,2,1,1,1,1
4.163,1,2,2,1,1,2,3,1
4.444,1,2,2,2,1,2,3,1
1.6,1,1,1,2,1,1,2,1
13.235,1,2,2,2,2,2,3,1
3.56,2,1,2,2,2,2,2,1
3.554,2,1,2,2,2,2,2,1
19.26,1,2,2,2,2,1,3,1
2.044,1,1,1,1,1,1,1,1
1.874,1,1,1,2,2,1,3,1
2.417,1,1,1,1,1,1,1,1
8.192,1,2,2,2,2,2,3,1
3.5,1,1,1,1,1,1,1,1
1.941,2,1,1,1,1,1,1,1
3.535,1,1,2,1,1,1,3,1
1.0,1,1,1,1,1,1,1,1
4.194,1,2,2,1,2,2,3,1
8.192,1,2,2,2,2,2,3,1
4.333,1,1,1,1,1,1,1,1
9.444,1,1,1,1,2,1,1,1
4.333,1,1,1,2,1,1,1,1
3.598,2,1,2,2,2,2,2,1
2.269,1,1,1,1,1,1,1,1
1.987,1,1,1,1,1,1,1,1
1.841,1,1,1,2,2,1,1,1
6.047,1,1,1,1,2,2,3,1
4.689,2,2,2,1,1,2,2,1
2.823,1,1,1,1,1,1,1,1
4.945,2,2,2,1,2,2,3,1
2.652,1,1,1,1,1,1,1,1
3.138,2,1,2,2,2,2,3,1
2.465,1,1,1,1,1,1,1,1
2.802,1,1,1,1,1,1,1,1
2.666,1,1,1,1,1,1,1,1
6.588,2,1,1,1,2,2,1,1
10.159,1,1,2,1,1,2,1,1
6.482,2,2,2,2,2,2,3,1
2.875,2,1,1,1,2,1,3,1
4.333,1,1,1,1,1,1,3,1
3.199,2,1,2,1,2,2,3,1
1.377,1,1,2,2,2,1,3,1
4.555,1,1,1,2,1,1,3,1
7.709,2,2,1,1,1,1,3,1
5.538,1,1,1,2,1,1,3,1
3.294,2,1,1,1,2,1,1,1
11.312,2,1,1,2,1,1,3,1
1.461,1,1,1,1,2,1,3,1
2.512,2,2,1,2,2,1,3,1
1.55,1,1,1,1,1,1,1,1
4.906,1,1,1,1,1,1,2,1
31.388,2,1,1,1,2,2,3,1
6.652,2,1,2,2,2,2,3,1
10.372,1,1,2,1,1,2,1,1
11.242,2,2,1,1,2,2,2,1
2.021,2,1,2,2,1,2,2,1
1.0,1,1,1,1,1,1,1,1
9.56,1,1,2,2,1,2,2,1
6.0,1,1,1,1,2,2,3,1
2.111,2,1,1,1,2,1,2,1
2.166,2,1,1,2,1,1,2,1
6.544,2,2,2,2,2,2,2,1
25.964,2,2,2,1,2,2,3,1
8.445,2,2,2,1,2,2,3,1
1.304,1,1,1,1,1,1,1,1
2.09,1,1,1,2,2,1,3,1
3.697,1,2,2,2,1,2,3,1
1.348,2,1,1,1,2,1,3,1
8.086,1,1,1,2,2,1,1,1
6.5,2,1,1,2,2,2,2,1
53.433,2,1,2,1,2,1,2,1
4.09,2,2,2,2,1,2,3,1
2.531,1,1,1,1,1,1,1,1
3.621,1,1,1,1,2,1,3,1
21.428,1,1,1,1,1,1,1,1
8.55,2,2,1,1,2,2,3,1
2.717,2,2,2,1,1,1,1,1
3.0,2,2,1,2,1,2,3,1
8.312,2,1,2,1,2,2,3,1
7.166,2,1,2,2,2,2,3,1
3.761,1,1,1,1,1,2,2,1
1.8,1,1,1,1,1,2,3,1
2.516,1,1,1,2,1,1,3,1
1.447,2,1,1,2,2,2,3,1
2.47,1,1,1,2,1,1,1,1
5.279,2,2,1,2,2,2,1,1
3.685,2,1,2,2,2,1,3,1
1.04,1,1,1,1,1,1,2,0
1.0,1,1,1,1,1,1,1,0
1.625,1,1,1,1,1,1,2,0
4.411,1,1,1,1,1,1,1,0
2.5,1,1,1,1,2,1,1,0
1.0,1,1,1,1,1,1,1,0
2.285,1,1,1,1,1,1,3,0
10.012,1,1,1,1,1,1,2,0
2.766,1,1,1,1,2,1,1,0
2.0,1,1,1,1,1,1,1,0
1.8,1,1,1,1,2,1,1,0
3.388,1,1,1,1,1,1,2,0
1.75,1,1,1,1,2,1,1,0
1.444,1,1,1,2,1,1,2,0
1.932,1,1,1,1,1,1,2,0
2.647,1,1,1,1,1,1,1,0
1.142,1,1,1,1,1,1,1,0
1.0,1,1,1,1,1,1,3,0
2.322,1,1,1,1,1,1,1,0
1.538,1,1,1,1,2,1,1,0
1.745,1,1,1,1,1,1,1,0
2.51,1,1,1,1,1,1,1,0
2.747,2,1,1,1,2,1,1,0
1.538,1,1,1,1,1,1,1,0
2.813,1,1,1,1,2,1,2,0
2.0,1,1,1,1,1,1,3,0
1.0,1,1,1,1,1,1,2,0
2.847,1,1,1,1,2,1,1,0
1.837,1,1,1,1,1,1,1,0
1.942,1,1,1,1,1,1,2,0
1.0,1,1,1,1,1,1,3,0
2.195,1,1,1,1,1,1,1,0
1.235,1,1,1,1,1,1,1,0
3.407,1,1,1,1,2,1,1,0
2.326,1,1,1,1,2,1,1,0
2.838,1,1,1,1,2,1,1,0
1.885,1,1,1,1,1,1,1,0
1.392,1,1,1,1,2,1,1,0
2.214,2,1,1,1,1,1,1,0
2.616,1,1,1,1,2,1,2,0
2.063,1,1,1,1,1,1,2,0
1.114,1,1,1,1,1,1,1,0
1.687,1,1,1,1,1,1,2,0
1.426,1,1,1,1,1,1,1,0
1.687,1,1,1,1,1,1,2,0
2.888,1,1,1,1,1,1,1,0
2.034,1,1,1,1,2,2,2,0
3.937,1,1,1,1,1,1,1,0
1.375,1,1,1,1,1,1,3,0
2.488,1,1,1,1,2,1,1,0
2.0,1,1,1,1,1,1,1,0
1.416,1,1,1,1,1,1,1,0
3.606,1,1,1,1,1,1,1,0
2.031,1,1,1,1,2,1,1,0
1.687,1,1,1,1,1,1,1,0
2.186,1,1,1,1,2,1,1,0
2.204,1,1,1,1,1,1,1,0
3.108,1,1,1,1,1,1,1,0
4.113,1,1,1,1,2,1,1,0
4.0,1,1,1,1,1,1,1,0
1.5,1,1,1,1,1,1,1,0
2.545,1,1,1,2,2,1,1,0
1.446,1,1,1,1,1,1,1,0
2.534,1,1,1,1,1,1,1,0
2.206,1,1,1,1,2,1,1,0
1.142,1,1,1,1,1,1,1,0
4.179,1,1,1,1,1,1,1,0
1.692,1,1,1,1,1,1,2,0
1.974,1,1,1,1,1,1,1,0
1.687,1,1,1,1,1,1,2,0
1.611,1,1,1,1,1,1,1,0
1.666,1,1,1,1,1,1,1,0
2.27,1,1,1,1,1,1,1,0
1.972,1,1,1,1,1,1,2,0
3.533,1,1,1,1,1,1,1,0
1.5,1,1,1,1,1,1,1,0
1.324,2,1,1,1,1,1,1,0
1.641,1,1,1,1,2,1,2,0
1.78,2,1,1,2,2,1,3,0
1.263,1,1,1,1,1,1,2,0
1.451,1,1,1,1,1,1,3,0
3.0,1,1,1,1,1,1,3,0
1.735,1,1,1,1,1,1,1,0
1.666,1,1,1,1,1,1,2,0
1.5,1,1,1,1,1,1,1,0
2.025,1,1,1,1,1,1,1,0
2.555,1,1,2,1,1,1,1,0
1.566,1,1,1,1,1,1,1,0
1.461,1,1,1,1,1,1,1,0
1.644,1,1,1,1,1,1,1,0
1.533,1,1,1,1,1,1,2,0
1.353,1,1,1,1,1,1,1,0
2.473,1,1,1,1,1,1,1,0
2.666,1,1,1,1,1,1,1,0
1.948,1,1,1,1,1,1,1,0
2.266,1,1,1,1,1,1,1,0
2.852,1,1,1,1,1,1,1,0
3.1,1,1,1,1,1,1,1,0
1.0,1,1,1,1,1,1,1,0
1.2,1,1,1,1,2,1,1,0
3.875,1,1,1,1,1,1,1,0
3.08,1,1,1,1,2,1,2,0
1.25,1,1,1,1,1,1,2,0
2.0,1,1,1,1,2,1,2,0
3.185,1,1,1,1,2,1,1,0
3.851,1,1,1,1,1,1,1,0
1.95,1,1,1,1,2,1,1,0
3.685,1,1,1,1,1,1,1,0
1.19,1,1,1,1,2,1,1,0
2.4,1,1,1,1,2,1,1,0
2.361,1,1,1,1,1,1,1,0
2.142,1,1,1,1,1,1,1,0
4.971,1,1,1,1,1,1,1,0
5.0,1,1,1,1,1,1,1,0
4.891,1,1,1,1,1,1,1,0
1.625,1,1,1,1,1,1,1,0
3.34,1,1,1,1,1,1,1,0
1.466,1,1,1,1,2,1,1,0
1.241,1,1,1,1,1,1,2,0
1.444,1,1,1,1,1,1,1,0
1.333,1,1,1,1,1,1,1,0
1.755,1,1,1,1,2,1,2,0
2.037,1,1,1,1,1,1,2,0
1.545,1,1,1,1,1,1,1,0
1.857,1,1,1,1,1,2,1,0
1.6,1,1,1,1,1,1,1,0
2.246,1,1,1,1,2,1,1,0
4.472,1,1,1,1,1,1,1,0
4.0,1,1,1,1,1,1,1,0
1.55,1,1,1,1,2,1,1,0
2.225,1,1,1,1,2,1,1,0
2.238,1,1,1,1,2,1,1,0
2.506,1,1,2,1,1,1,1,0
3.344,1,1,1,2,1,1,1,0
251.0,1,1,1,2,1,1,1,0
1.837,1,1,1,1,1,1,1,0
2.119,1,1,1,1,1,1,1,0
2.113,1,1,1,1,1,1,1,0
2.0,1,1,1,1,1,1,1,0
1.61,1,1,1,1,2,1,1,0
3.266,1,1,1,1,1,2,1,0
1.292,1,1,1,1,1,1,1,0
1.0,1,1,1,1,2,1,1,0
3.857,1,1,1,1,1,1,1,0
2.293,1,1,1,1,2,1,1,0
1.0,1,1,1,1,1,1,1,0
1.785,1,1,1,1,2,1,1,0
1.0,1,1,1,1,1,1,1,0
4.19,1,1,1,1,1,1,1,0
2.057,1,1,1,1,1,1,1,0
1.75,1,1,1,1,1,1,1,0
2.464,1,1,1,1,1,1,1,0
4.068,1,1,1,1,1,1,1,0
1.746,1,1,1,1,2,1,1,0
3.382,1,1,1,1,1,1,1,0
1.263,1,1,1,1,1,1,1,0
1.636,1,1,1,1,1,1,1,0
2.976,1,1,1,1,2,1,1,0
3.225,1,1,1,1,1,1,1,0
3.09,1,1,1,1,1,1,1,0
2.695,1,1,1,1,1,1,2,0
3.7,1,1,1,1,1,1,1,0
1.0,1,1,1,1,1,1,1,0
3.6,1,1,1,1,1,1,1,0
1.333,1,1,1,1,1,1,2,0
1.0,1,1,1,1,1,1,1,0
2.61,1,1,1,1,2,1,1,0
2.151,1,1,1,1,1,1,1,0
8.76,1,1,1,1,1,1,1,0
25.812,1,1,1,1,1,2,1,0
2.604,1,1,1,1,1,1,1,0
4.308,1,1,1,1,1,1,1,0
2.0,1,1,1,1,2,1,1,0
2.097,1,1,1,1,1,1,1,0
1.625,1,1,1,1,1,1,3,0
1.052,1,1,1,1,1,1,1,0
2.2,1,1,1,1,1,1,1,0
2.529,1,1,1,1,1,1,1,0
2.682,1,1,1,1,1,1,1,0
1.727,1,1,1,1,1,1,1,0
2.85,1,1,1,1,1,1,2,0
1.592,1,1,1,1,1,1,1,0
1.838,1,1,1,1,2,1,1,0
2.541,1,1,1,1,2,1,1,0
1.411,1,1,1,1,1,1,2,0
2.567,1,1,1,1,1,1,1,0
2.482,1,1,1,1,1,1,1,0
1.0,1,1,1,1,1,1,1,0
2.741,1,1,1,1,2,1,2,0
2.375,1,1,1,1,1,1,1,0
1.125,1,1,1,1,1,1,1,0
1.786,1,1,1,1,1,1,1,0
1.833,1,1,1,1,1,1,1,0
1.133,1,1,1,1,2,1,1,0
1.228,1,1,1,1,1,1,1,0
1.25,1,1,1,1,1,1,1,0
2.432,1,1,1,1,1,1,1,0
3.039,1,1,1,1,1,1,1,0
1.538,1,1,1,1,1,1,3,0
3.631,1,1,1,1,1,1,1,0
3.631,1,1,1,1,1,1,1,0
1.0,1,1,1,1,1,1,1,0
1.0,1,1,1,1,1,1,1,0
4.858,1,1,1,1,1,1,1,0
3.704,1,1,1,1,1,1,1,0
2.188,1,2,1,1,1,1,1,0
2.725,1,1,1,1,1,1,1,0
3.153,1,1,1,1,2,1,1,0
4.153,1,1,1,1,1,1,1,0
3.242,1,1,1,1,2,1,1,0
3.401,2,2,1,2,2,1,1,0
2.941,1,1,1,1,2,1,1,0
1.25,1,1,1,1,1,1,1,0
1.309,1,1,1,1,1,1,1,0
1.588,1,1,1,1,2,1,1,0
3.571,1,1,1,1,1,1,1,0
1.517,1,1,1,1,1,1,1,0
2.136,1,1,1,1,1,1,2,0
2.891,1,1,1,1,2,1,1,0
3.315,1,1,1,1,1,1,1,0
1.857,1,1,1,1,1,1,1,0
4.03,1,1,1,1,1,1,1,0
3.214,2,1,1,1,1,1,2,0
4.413,1,1,1,1,1,1,1,0
4.093,1,1,1,1,1,1,1,0
4.052,1,1,1,1,1,1,1,0
1.333,1,1,1,1,1,1,1,0
1.666,1,1,1,1,1,1,1,0
1.0,1,1,1,1,1,1,1,0
2.315,1,1,1,1,1,1,1,0
2.526,1,1,1,1,1,1,1,0
1.23,1,1,1,1,2,1,1,0
3.578,1,1,1,1,1,1,1,0
1.0,1,1,1,1,1,1,1,0
2.615,1,1,1,1,1,1,3,0
2.658,1,1,1,1,2,1,1,0
2.333,1,1,1,1,1,1,1,0
1.394,1,1,1,1,1,1,1,0
3.547,2,1,1,1,2,1,1,0
1.48,1,1,1,1,1,1,1,0
5.633,2,1,1,1,1,1,1,0
1.807,1,1,1,1,1,1,2,0
2.25,1,1,1,1,1,1,1,0
2.0,1,1,1,1,1,1,3,0
1.997,1,1,1,1,1,1,1,0
4.536,1,1,1,1,1,1,1,0
1.619,1,1,1,1,1,1,2,0
1.947,1,1,1,1,2,1,1,0
3.133,1,1,1,1,2,1,1,0
1.4,1,1,1,1,1,1,1,0
1.664,1,1,1,1,2,1,1,0
1.586,1,1,1,1,2,1,1,0
1.833,1,1,1,1,1,1,1,0
4.771,1,1,1,1,1,1,2,0
2.106,1,1,1,1,2,1,1,0
1.0,1,1,1,1,1,1,1,0
2.812,1,1,1,1,1,1,1,0
2.297,1,1,1,1,1,1,1,0
1.888,1,1,1,1,1,1,1,0
2.619,1,1,1,1,1,1,2,0
1.964,1,1,1,1,2,1,1,0
2.0,1,1,1,1,1,1,1,0
1.565,1,1,1,2,1,1,2,0
1.666,1,1,1,1,1,1,1,0
1.76,1,1,1,1,1,1,1,0
2.171,1,1,1,1,1,1,1,0
3.973,1,1,1,1,2,1,2,0
2.152,1,1,1,1,1,1,2,0
1.0,1,1,1,1,1,1,1,0
3.0,1,1,1,1,1,1,1,0
6.113,1,1,1,1,1,1,1,0
1.433,1,1,1,1,1,1,1,0
1.1,1,1,1,1,1,1,1,0
2.6,1,1,1,1,1,1,1,0
2.521,1,1,1,1,1,1,1,0
2.6,1,1,1,1,1,1,3,0
1.986,1,1,1,1,1,1,2,0
3.372,1,1,1,1,1,1,1,0
1.771,1,1,1,2,2,1,1,0
1.772,1,1,1,1,1,2,1,0
1.913,1,1,1,1,1,1,1,0
3.153,1,1,1,1,1,1,1,0
2.677,1,1,1,1,2,1,1,0
2.142,1,1,1,1,1,1,1,0
2.541,1,1,1,1,1,1,2,0
2.25,1,1,1,1,1,1,1,0
2.916,1,1,1,2,2,1,1,0
1.75,1,1,1,1,1,1,3,0
2.064,1,1,1,1,1,1,1,0
2.95,1,1,1,1,1,1,1,0
1.755,1,1,1,1,1,1,1,0
2.161,1,1,1,1,2,1,1,0
3.041,1,1,1,1,1,1,1,0
3.086,1,1,1,1,1,1,1,0
1.0,1,1,1,1,1,1,1,0
1.416,1,1,1,1,1,1,1,0
2.247,1,1,1,1,1,1,1,0
2.28,1,1,1,1,2,1,1,0
2.75,1,1,1,1,1,1,1,0
1.0,1,1,1,1,1,1,1,0
2.059,1,1,1,1,2,1,1,0
1.685,1,1,1,1,1,1,1,0
1.411,1,1,1,1,1,1,1,0
1.227,1,1,1,1,1,1,1,0
2.548,1,1,1,1,2,1,1,0
1.533,1,1,1,1,2,1,1,0
1.718,1,1,1,1,1,1,1,0
3.478,1,1,1,1,1,1,1,0
1.842,1,1,1,1,1,1,2,0
1.72,1,1,1,1,1,1,1,0
3.368,1,1,1,1,1,1,1,0
2.217,1,1,1,1,1,1,1,0
3.333,1,1,1,1,1,1,1,0
3.166,1,1,1,1,1,1,1,0
3.478,1,1,1,1,1,1,1,0
1.5,1,1,1,1,1,1,1,0
3.552,1,1,1,1,1,1,1,0
5.888,1,1,1,1,1,1,1,0
1.482,1,1,1,1,1,1,2,0
1.375,1,1,1,1,1,1,1,0
1.0,1,1,1,1,1,1,1,0
2.666,1,1,1,1,1,1,1,0
1.945,1,1,1,1,1,1,1,0
2.0,1,1,1,1,1,1,1,0
3.237,1,1,1,1,1,1,1,0
3.651,1,1,1,1,1,1,1,0
1.5,1,1,1,1,1,1,1,0
2.23,1,1,1,1,2,1,1,0
2.393,1,1,1,1,1,1,1,0
2.0,1,1,1,1,1,1,1,0
1.666,1,1,1,1,1,1,1,0
1.983,1,1,1,1,2,1,1,0
1.736,1,1,1,1,1,1,2,0
1.136,1,1,1,1,1,1,1,0
3.066,1,1,1,1,1,1,1,0
2.09,1,1,1,1,1,1,3,0
2.595,1,1,1,1,1,1,1,0
1.884,1,2,1,2,1,2,2,0
1.884,1,2,1,2,1,2,2,0
7.0,2,1,1,2,1,1,1,0
1.0,1,1,1,1,1,1,1,0
1.0,1,1,1,1,2,1,1,0
5.525,1,1,1,1,1,1,2,0
2.666,1,1,1,1,1,1,1,0
2.06,1,1,1,1,2,1,1,0
1.428,1,1,1,1,2,1,1,0
2.204,1,1,1,1,1,1,1,0
1.181,1,1,1,1,2,1,2,0
2.037,1,1,1,1,1,1,1,0
1.196,1,1,1,1,1,1,1,0
1.688,1,1,1,1,1,1,1,0
3.157,1,1,1,1,1,1,1,0
2.425,1,1,1,1,1,1,1,0
3.302,1,1,1,1,1,1,1,0
5.61,2,1,1,1,1,1,1,0
1.5,1,1,1,1,1,1,1,0
1.8,1,1,1,1,1,1,1,0
1.148,1,1,1,1,1,1,1,0
3.315,1,1,1,2,1,1,3,0
2.125,1,1,1,1,1,1,3,0
2.25,1,1,1,1,1,1,2,0
2.143,1,1,1,1,1,1,1,0
1.909,1,1,1,1,1,1,1,0
1.379,1,1,1,1,2,1,1,0
1.769,1,1,1,1,1,1,1,0
1.266,1,1,1,1,1,1,1,0
3.475,1,1,1,1,1,1,1,0
1.5,1,1,1,1,2,1,3,0
1.766,1,1,1,1,1,1,1,0
2.0,1,1,1,1,1,1,3,0
1.8,1,1,1,1,1,1,1,0
1.631,1,1,1,1,2,1,1,0
2.666,1,1,1,1,1,1,2,0
4.228,1,1,1,1,1,1,1,0
2.141,1,1,1,1,1,1,1,0
1.875,1,1,1,1,1,1,3,0
1.652,1,1,1,1,1,1,1,0
1.3,1,1,1,1,2,1,3,0
1.863,1,1,1,1,2,1,1,0
2.062,1,1,1,1,1,1,1,0
1.24,1,1,1,1,1,1,1,0
1.632,1,1,1,1,1,1,1,0
2.304,1,1,1,1,1,1,1,0
2.552,1,1,1,1,1,1,1,0
2.45,1,1,1,1,2,1,1,0
2.032,1,1,1,1,1,1,1,0
1.25,1,1,1,1,2,1,2,0
2.9,1,1,1,1,1,1,3,0
4.5,1,1,1,1,1,1,2,0
1.3,1,1,1,1,1,1,1,0
1.8,1,1,1,1,1,1,2,0
2.895,1,1,1,1,2,1,2,0
2.007,1,1,1,2,1,1,1,0
5.2,1,1,1,1,1,1,1,0
2.307,1,1,1,1,2,1,1,0
2.236,1,1,1,1,1,1,1,0
3.176,1,1,1,2,2,1,1,0
2.277,1,1,1,1,2,1,2,0
1.407,1,1,1,1,1,1,1,0
2.833,1,1,1,1,1,1,2,0
1.5,1,1,1,1,1,1,1,0
4.242,1,1,1,1,1,1,1,0
1.5,1,1,1,1,1,1,1,0
2.185,1,1,1,1,1,1,2,0
2.343,2,1,1,1,1,1,2,0
1.0,1,1,1,1,2,1,1,0
2.25,1,1,1,1,2,1,1,0
3.5,1,1,1,1,2,1,1,0
1.736,1,1,1,1,1,1,1,0
1.0,1,1,1,1,1,1,1,0
2.225,1,1,1,1,1,1,1,0
2.0,1,1,1,1,1,1,2,0
2.368,1,1,1,1,1,1,1,0
4.134,1,1,1,1,2,1,1,0
3.715,1,1,1,1,1,1,1,0
1.903,1,1,1,1,1,1,1,0
2.351,1,1,1,1,1,1,1,0
2.222,1,1,1,1,1,1,2,0
2.0,1,1,1,1,1,1,1,0
3.583,1,1,1,2,1,1,1,0
1.818,1,1,1,1,1,1,3,0
2.3,1,1,1,1,1,1,1,0
1.41,1,1,1,1,1,1,1,0
1.26,1,1,1,1,1,1,2,0
1.761,1,1,1,1,1,1,2,0
1.071,1,1,1,1,1,1,1,0
1.0,1,1,1,1,1,1,1,0
2.21,1,1,1,1,2,1,1,0
1.611,1,1,1,1,1,1,1,0
1.275,1,1,1,1,2,1,1,0
3.167,1,1,1,1,1,1,1,0
2.375,1,1,1,1,1,1,1,0
1.801,2,1,1,1,1,1,1,0
1.833,1,1,1,1,2,1,1,0
2.283,1,1,1,1,1,1,1,0
1.5,1,1,1,1,1,1,2,0
6.526,1,1,1,1,1,1,1,0
1.574,1,1,1,1,1,1,1,0
2.714,1,1,1,1,1,1,1,0
1.857,1,1,1,1,1,1,2,0
1.826,1,1,1,1,1,1,1,0
2.035,1,1,1,1,1,1,1,0
18.454,2,1,1,2,2,2,3,0
1.703,2,1,1,1,1,1,1,0
1.785,1,1,1,1,1,1,1,0
1.82,1,1,1,1,1,1,1,0
1.562,1,1,1,1,1,1,1,0
1.0,1,1,1,1,1,1,1,0
1.285,1,1,1,1,1,1,1,0
1.0,1,1,1,1,1,1,1,0
4.533,1,1,1,1,1,1,1,0
1.285,1,1,1,1,1,1,1,0
2.093,1,1,1,1,1,1,1,0
4.062,1,1,1,1,1,1,1,0
1.285,1,1,1,2,2,1,1,0
10.409,1,1,1,1,1,1,2,0
5.857,1,1,1,1,1,1,1,0
3.552,1,1,1,1,1,1,1,0
5.888,1,1,1,1,1,1,1,0
1.482,1,1,1,1,1,1,2,0
1.0,1,1,1,1,1,1,1,0
2.604,1,1,1,1,1,1,1,0
2.0,1,1,1,1,2,1,1,0
1.428,1,1,1,1,1,1,1,0
2.097,1,1,1,1,1,1,1,0
1.625,1,1,1,1,1,1,3,0
1.58,1,1,1,1,1,1,1,0
2.662,1,2,1,1,2,1,1,0
1.758,1,1,1,1,1,1,2,0
1.736,1,1,1,1,1,1,2,0
1.166,1,1,1,2,1,1,1,0
1.564,1,1,2,1,1,1,1,0
1.6,1,1,1,1,1,1,1,0
1.613,1,1,1,1,1,1,1,0
1.142,1,1,1,1,1,1,1,0
9.31,1,1,1,1,2,2,1,0
1.0,1,1,1,1,1,1,1,0
1.047,1,1,1,1,1,1,1,0
1.287,1,1,1,1,2,1,1,0
1.75,1,1,1,1,1,1,1,0
1.0,1,1,1,1,1,1,1,0
1.083,1,1,1,1,1,1,1,0
3.968,1,1,1,1,2,1,1,0
3.983,1,1,1,1,1,1,1,0
3.125,1,1,1,1,1,1,1,0
1.666,1,1,1,1,1,1,1,0
2.147,1,1,1,1,1,1,1,0
2.333,1,1,1,1,1,1,1,0
1.909,1,1,2,1,1,1,1,0
2.307,1,1,1,1,1,1,1,0
1.0,1,1,1,1,1,1,1,0
2.533,1,1,1,1,1,1,2,0
1.834,1,1,1,1,2,1,1,0
50.0,1,1,1,1,1,1,1,0
1.3,1,1,1,1,2,1,1,0
3.657,1,1,1,1,2,2,1,0
3.129,1,1,1,1,1,1,1,0
2.546,1,1,1,1,1,1,1,0
2.069,1,1,1,1,2,1,1,0
1.551,1,1,1,1,2,1,1,0
3.36,1,1,1,1,1,2,1,0
1.761,1,1,1,2,1,1,1,0
1.924,1,1,1,1,1,2,1,0
1.79,1,1,1,1,1,1,1,0
1.88,1,1,1,1,1,1,1,0
3.555,1,1,1,1,1,1,1,0
2.085,1,1,1,1,1,1,1,0
3.461,1,1,1,1,1,1,1,0
1.0,1,1,1,1,1,1,1,0
2.0,1,1,1,1,1,1,1,0
2.396,1,1,1,1,2,1,1,0
1.533,1,1,1,1,1,1,1,0
1.166,1,1,1,1,1,1,1,0
2.466,1,1,1,1,1,1,1,0
1.714,1,1,1,1,1,1,1,0
1.666,1,1,1,1,1,1,1,0
1.0,1,1,1,1,1,1,1,0
1.0,1,1,1,1,1,1,1,0
2.617,1,1,1,1,1,1,1,0
1.0,1,1,1,1,1,1,1,0
1.421,1,1,1,1,2,1,1,0
1.0,1,1,1,1,1,1,1,0
3.083,1,1,1,1,1,1,1,0
2.016,1,1,1,1,1,1,1,0
3.333,1,1,1,1,1,1,1,0
6.187,1,1,1,1,1,1,3,0
1.677,1,1,1,1,2,1,1,0
1.486,1,1,1,1,2,1,1,0
5.888,1,1,1,1,1,1,1,0
1.6,1,1,1,1,1,1,1,0
1.45,1,1,1,1,1,1,2,0
1.891,1,1,1,1,2,1,2,0
1.32,1,1,1,1,1,1,1,0
4.586,1,1,1,1,1,1,1,0
2.076,1,1,1,2,2,1,1,0
1.476,1,1,1,1,2,1,1,0
3.722,1,1,1,1,2,1,1,0
1.0,1,1,1,1,1,1,1,0
1.0,1,1,1,1,1,1,1,0
2.022,1,1,1,1,1,1,1,0
1.636,1,1,1,1,1,1,1,0
1.0,1,1,1,1,1,1,1,0
1.717,1,1,1,1,1,1,1,0
1.857,1,1,1,1,1,1,2,0
2.363,1,1,1,1,1,1,1,0
1.769,1,1,1,1,1,1,1,0
1.181,1,1,1,1,1,1,1,0
2.461,1,1,1,1,1,1,1,0
1.795,1,1,1,1,1,1,1,0
2.0,1,1,1,1,1,1,3,0
1.712,1,1,1,1,1,2,1,0
2.519,1,1,1,1,1,1,1,0
2.188,1,1,1,1,2,2,1,0
2.36,1,1,1,1,2,1,2,0
1.615,1,1,1,1,1,1,3,0
2.892,1,1,1,2,2,1,2,0
2.882,1,1,1,1,1,1,1,0
2.182,1,1,1,2,1,1,1,0
2.145,1,1,1,1,1,1,1,0
1.649,1,1,1,2,2,1,1,0
1.6,1,1,1,1,1,1,1,0
1.5,1,1,1,1,1,1,3,0
1.09,1,1,1,1,2,1,1,0
1.0,1,1,1,1,1,1,1,0
1.285,1,1,1,1,1,1,1,0
1.88,1,1,1,1,1,1,1,0
1.0,1,1,1,1,2,1,1,0
1.903,1,1,1,1,1,1,1,0
4.608,1,1,1,1,2,1,1,0
2.705,1,1,1,1,1,1,3,0
1.669,1,1,1,1,1,1,1,0
2.333,1,1,1,1,1,1,1,0
4.255,1,1,1,1,1,1,2,0
1.679,1,1,1,1,2,1,1,0
1.454,1,1,1,1,1,1,1,0
2.576,1,1,1,1,1,1,2,0
1.333,1,1,1,1,1,1,1,0
2.565,1,1,1,1,1,1,1,0
1.111,1,1,1,1,1,1,1,0
1.64,1,1,1,1,1,1,1,0
1.166,1,1,1,1,1,1,1,0
1.133,1,1,1,1,1,1,1,0
2.102,1,1,1,1,2,1,1,0
1.955,1,1,1,1,1,1,2,0
1.535,1,1,1,1,2,1,1,0
2.277,1,1,1,1,2,1,1,0
2.703,1,1,1,1,2,1,1,0
1.344,1,1,1,1,1,1,1,0
4.411,1,1,1,1,1,1,1,0
3.461,1,1,1,1,2,1,1,0
2.345,1,1,1,1,2,1,1,0
3.25,1,1,1,1,1,1,1,0
2.133,1,1,1,1,1,1,1,0
2.423,1,1,1,1,2,1,1,0
1.352,1,1,1,1,2,1,1,0
1.7,1,1,1,1,1,1,3,0
1.428,1,1,1,1,1,1,3,0
2.423,1,1,1,1,2,1,1,0
3.379,1,1,1,1,1,1,1,0
1.638,1,1,1,1,2,1,1,0
3.222,1,1,1,1,1,1,1,0
1.181,1,1,1,2,1,1,1,0
3.627,1,1,1,1,2,1,1,0
3.731,1,1,1,1,1,1,1,0
1.833,1,1,1,1,1,1,3,0
3.333,1,1,1,1,1,1,1,0
1.536,1,1,1,1,1,1,1,0
1.6,1,1,1,1,2,1,1,0
1.75,1,1,1,1,1,1,2,0
2.714,1,1,1,1,1,1,1,0
1.233,1,1,1,2,2,1,1,0
1.14,1,1,1,1,2,1,1,0
1.47,1,1,1,1,1,1,2,0
1.6,2,1,1,1,2,2,1,0
3.25,1,1,1,1,1,1,1,0
2.571,1,1,1,1,1,1,3,0
2.023,1,1,1,1,1,1,1,0
1.294,1,1,1,1,2,1,1,0
1.803,1,1,1,1,1,1,1,0
3.427,1,1,1,1,1,1,2,0
1.0,1,1,1,1,1,1,1,0
1.348,1,1,1,1,2,1,1,0
3.888,1,1,1,1,2,1,1,0
1.0,1,1,1,1,1,1,1,0
1.0,1,1,1,1,1,1,1,0
1.8,1,1,1,1,1,1,1,0
1.784,2,1,1,1,1,1,1,0
1.478,1,1,1,1,1,1,1,0
17.952,1,1,1,1,1,1,1,0
1.8,1,1,1,1,2,1,1,0
1.564,1,1,1,1,2,1,1,0
2.78,1,1,1,1,2,1,1,0
2.454,1,1,1,1,1,1,1,0
2.0,1,1,1,1,1,1,1,0
2.575,1,1,1,1,2,1,1,0
1.3,1,1,1,1,1,1,1,0
1.166,1,1,1,1,1,1,1,0
1.515,1,1,1,1,1,1,2,0
1.0,1,1,1,1,1,1,1,0
1.153,1,1,1,1,1,1,1,0
9.31,1,1,1,1,2,2,1,0
1.483,1,1,1,1,1,1,1,0
2.962,1,1,1,2,2,1,2,0
4.689,1,1,1,1,1,1,1,0
2.258,1,1,1,1,1,1,1,0
2.303,1,1,1,1,1,1,1,0
4.208,1,1,1,1,1,1,1,0
2.724,1,1,1,1,1,1,2,0
1.792,1,1,1,1,2,1,1,0
3.0,1,1,1,1,1,1,1,0
1.8,1,1,1,1,1,1,1,0
2.0,1,1,1,1,1,1,1,0
1.6,1,1,1,1,1,1,1,0
2.758,1,1,1,1,2,1,1,0
1.8,1,1,1,1,1,1,1,0
3.142,1,1,1,1,1,1,1,0
1.851,1,1,1,1,1,1,1,0
1.104,1,1,1,1,2,1,2,0
2.921,1,1,1,1,1,1,1,0
1.5,1,1,1,1,2,1,1,0
2.296,1,1,1,1,1,1,1,0
1.333,1,1,1,1,1,1,1,0
1.125,1,1,1,1,1,1,1,0
1.655,1,1,1,1,1,1,1,0
1.0,1,1,1,1,2,1,1,0
2.941,1,1,1,1,1,1,1,0
1.0,1,1,1,1,1,1,1,0
2.571,1,1,1,1,1,1,3,0
1.0,1,1,1,1,1,1,1,0
1.555,1,1,1,1,1,1,1,0
1.979,1,1,1,1,1,1,1,0
2.0,1,1,1,1,1,1,1,0
1.222,1,1,1,1,1,1,1,0
2.25,1,1,1,1,1,1,1,0
2.666,1,1,1,1,1,1,1,0
2.0,1,1,1,1,2,1,2,0
4.128,1,1,1,1,1,1,1,0
2.0,1,1,1,1,1,1,1,0
2.047,1,1,1,1,1,1,3,0
2.275,1,1,1,1,1,1,1,0
4.382,1,1,1,1,1,1,1,0
1.87,2,1,1,1,1,1,1,0
1.564,1,1,1,1,1,1,1,0
2.333,1,1,1,1,1,1,1,0
2.333,1,1,1,1,1,1,1,0
3.029,1,1,1,1,1,1,1,0
2.554,1,1,1,1,2,1,1,0
1.482,1,1,1,1,1,1,1,0
1.646,1,1,1,1,1,1,1,0
2.566,1,1,1,1,2,1,1,0
1.875,1,1,1,1,1,1,1,0
1.705,1,1,1,2,1,1,1,0
1.476,1,1,1,1,1,1,1,0
3.25,1,1,1,1,1,1,2,0
3.596,1,1,1,1,1,1,1,0
1.225,1,1,1,1,2,1,1,0
1.704,1,1,1,1,2,1,1,0
1.142,1,1,1,1,1,1,1,0
1.4,1,1,1,1,1,1,1,0
1.75,1,1,1,1,1,1,1,0
18.0,1,1,1,1,1,1,1,0
1.0,1,1,1,1,2,1,1,0
2.161,1,1,1,2,2,1,2,0
1.387,1,1,1,2,1,1,1,0
1.291,1,1,1,2,1,1,2,0
2.028,1,1,1,1,2,1,1,0
1.92,1,1,1,1,1,1,1,0
4.043,1,1,1,1,1,1,1,0
2.211,1,1,1,1,1,1,1,0
2.321,1,1,1,1,1,1,1,0
1.428,1,1,1,1,1,1,1,0
1.0,1,1,1,2,1,1,1,0
1.983,1,1,1,1,2,1,1,0
1.403,1,1,1,1,2,1,1,0
1.363,1,1,1,1,1,1,1,0
2.52,1,1,1,2,2,1,1,0
3.862,1,1,1,1,1,1,1,0
1.583,1,1,1,1,1,1,1,0
1.393,1,1,1,2,1,1,1,0
2.472,1,1,1,1,1,1,1,0
1.269,1,1,1,1,1,1,1,0
1.428,1,1,1,1,1,1,1,0
2.607,1,1,1,1,1,1,2,0
3.8,1,1,1,1,2,1,1,0
1.3,1,1,1,1,1,1,3,0
1.678,1,1,1,1,2,1,1,0
3.617,1,1,1,1,1,1,1,0
2.95,1,1,1,1,1,1,1,0
2.754,1,1,1,1,1,1,1,0
1.958,1,1,1,1,1,1,1,0
1.487,1,1,1,1,1,1,1,0
2.23,1,1,1,1,1,1,1,0
2.333,1,1,1,1,1,1,3,0
1.0,1,1,1,1,2,1,1,0
1.5,1,1,1,1,1,1,3,0
1.0,1,1,1,1,1,1,1,0
1.0,1,1,1,1,1,1,1,0
1.812,1,1,1,1,1,1,2,0
2.468,1,1,1,1,1,1,1,0
1.0,1,1,1,1,1,1,1,0
2.673,2,1,1,1,1,1,1,0
2.238,1,1,1,1,1,1,1,0
2.313,1,1,1,1,1,1,1,0
2.342,1,1,1,1,1,1,1,0
2.108,1,1,1,1,2,1,1,0
3.7,1,1,1,1,1,1,1,0
2.272,1,1,1,1,1,1,3,0
1.732,1,1,1,1,1,1,1,0
1.0,1,1,1,1,1,1,1,0
1.885,1,1,1,1,2,1,1,0
1.577,1,1,1,1,2,1,1,0
3.454,1,1,1,1,1,1,1,0
6.428,1,1,1,1,2,1,1,0
4.984,2,1,2,1,2,1,3,0
1.043,1,1,1,2,2,1,2,0
1.666,1,1,2,1,1,1,1,0
1.416,1,1,1,1,1,1,1,0
1.326,1,1,1,1,2,1,1,0
2.0,1,1,1,1,1,1,1,0
1.883,1,1,1,1,1,1,1,0
1.0,1,1,1,1,1,1,1,0
1.45,1,1,1,1,2,1,1,0
2.556,1,1,1,1,2,1,1,0
2.25,1,1,1,1,1,1,2,0
1.183,1,1,1,1,2,1,1,0
1.0,1,1,1,1,1,1,1,0
1.0,1,1,1,1,1,1,1,0
2.0,1,1,1,1,1,1,1,0
4.434,1,1,1,1,1,1,1,0
4.211,1,1,1,1,1,1,1,0
2.88,1,1,1,1,2,1,1,0
3.193,1,1,1,1,1,1,1,0
1.744,1,1,1,1,2,1,1,0
1.066,1,1,1,1,2,1,1,0
2.272,1,1,1,1,1,1,1,0
1.25,1,1,1,1,1,1,1,0
3.202,1,1,1,1,1,1,1,0
1.25,1,1,1,1,1,1,1,0
2.142,1,1,1,1,1,1,1,0
3.151,2,1,1,1,1,1,1,0
2.356,1,1,1,1,2,1,1,0
4.438,1,1,1,1,1,1,1,0
20.0,1,1,1,1,1,1,1,0
2.533,1,1,1,1,2,1,1,0
1.647,1,1,1,1,1,1,1,0
1.294,1,1,1,1,1,1,1,0
2.451,1,1,1,1,1,1,1,0
3.379,1,1,1,1,2,1,1,0
2.714,1,1,1,1,1,1,1,0
5.857,1,1,1,1,1,1,1,0
3.179,1,1,1,1,1,1,1,0
2.607,1,1,1,1,1,1,1,0
1.733,1,1,1,1,2,1,1,0
1.906,1,1,1,1,1,1,2,0
2.221,1,1,1,1,2,1,1,0
3.076,1,1,1,1,2,1,1,0
1.222,1,1,1,1,2,1,1,0
3.732,2,1,1,1,1,1,2,0
1.794,1,1,1,1,2,1,1,0
2.142,1,1,1,1,1,1,1,0
1.836,1,1,1,1,1,1,1,0
2.28,1,1,1,1,1,1,1,0
1.871,2,1,1,1,2,1,1,0
3.071,1,1,1,1,1,1,3,0
1.535,1,1,1,1,1,1,1,0
2.655,1,1,1,1,1,1,1,0
1.347,1,1,1,2,1,1,2,0
4.807,1,1,1,1,1,1,1,0
1.203,1,1,1,1,1,1,1,0
1.229,1,1,1,1,1,1,2,0
2.235,1,1,1,1,1,1,1,0
1.8,1,1,1,1,1,1,1,0
2.44,1,1,1,2,1,1,1,0
2.496,1,1,1,1,2,1,1,0
1.357,1,1,1,1,2,1,1,0
2.0,1,1,1,1,1,1,1,0
1.962,1,1,1,1,1,1,2,0
1.444,1,1,1,1,2,1,2,0
5.888,1,1,1,1,1,1,1,0
3.591,1,1,1,1,1,1,1,0
1.915,1,1,1,1,2,1,1,0
3.007,1,1,1,1,1,1,1,0
2.853,1,1,1,1,1,1,1,0
3.364,1,1,1,1,1,1,1,0
2.204,1,1,1,1,1,1,1,0
1.692,1,1,1,1,1,1,1,0
1.56,1,1,1,1,1,1,1,0
1.714,1,1,1,1,1,1,1,0
3.125,1,1,1,1,1,1,1,0
1.576,1,1,1,2,2,1,2,0
2.533,1,1,1,1,1,1,1,0
2.533,1,1,1,1,1,1,1,0
1.804,1,1,1,1,1,1,1,0
2.203,1,1,1,1,1,1,1,0
2.356,1,1,1,1,1,2,1,0
1.956,1,1,1,1,2,1,3,0
1.333,1,1,1,1,1,1,1,0
1.428,1,1,1,1,1,1,1,0
3.7,1,1,1,1,1,1,1,0
1.156,1,1,1,1,1,1,1,0
1.181,1,1,1,1,1,1,1,0
1.0,1,1,1,1,2,1,1,0
1.526,1,1,1,1,1,1,1,0
2.55,1,1,1,2,2,1,1,0
2.255,1,1,1,1,1,1,1,0
1.825,1,1,1,1,1,1,1,0
1.73,1,1,1,1,1,1,2,0
1.388,1,1,1,1,2,1,1,0
1.0,1,1,1,1,1,1,1,0
3.904,1,1,1,1,1,1,1,0
1.651,1,1,1,1,1,1,1,0
3.187,1,1,1,1,1,1,1,0
1.387,1,1,1,1,2,1,3,0
3.285,1,1,1,1,1,1,1,0
2.227,1,1,1,1,1,1,1,0
2.208,1,1,1,1,1,1,2,0
1.666,1,1,1,1,1,1,1,0
2.287,1,1,1,1,1,2,1,0
1.974,1,1,1,1,2,1,2,0
1.818,1,1,1,1,2,1,2,0
1.625,1,1,1,1,1,1,1,0
3.637,1,1,1,1,1,1,2,0
2.282,1,1,1,1,2,1,1,0
1.867,1,1,1,1,2,1,2,0
1.222,1,1,1,1,1,1,3,0
1.888,1,1,1,1,2,1,2,0
1.714,1,1,1,1,1,1,1,0
2.643,1,1,1,2,2,1,1,0
1.923,1,1,1,1,1,1,2,0
2.0,1,1,1,1,1,1,1,0
2.754,1,1,1,1,1,1,2,0
1.8,1,1,1,1,1,1,1,0
2.133,1,1,1,1,1,1,3,0
1.0,1,1,1,1,1,1,1,0
2.967,1,1,1,1,1,1,1,0
1.937,1,1,1,1,1,1,3,0
2.12,1,1,1,1,2,1,2,0
1.958,1,1,1,1,1,1,3,0
1.682,1,1,1,1,2,1,1,0
1.25,1,1,1,1,1,1,1,0
1.8,1,1,1,1,1,1,1,0
1.8,1,1,1,1,1,1,1,0
2.0,1,1,1,1,1,1,1,0
2.0,1,1,1,1,1,1,1,0
1.8,1,1,1,1,1,1,1,0
1.411,2,1,1,2,2,1,1,0
3.3,1,1,1,1,1,1,1,0
3.333,1,1,1,1,1,1,1,0
1.736,1,1,1,1,1,1,1,0
1.48,1,1,1,1,1,1,1,0
2.5,1,1,1,1,1,1,3,0
3.625,1,1,1,1,1,1,1,0
2.192,1,1,1,1,2,1,1,0
1.8,1,1,1,1,1,1,1,0
1.8,1,1,1,1,1,1,1,0
1.8,1,1,1,1,1,1,1,0
2.0,1,1,1,1,1,1,1,0
1.8,1,1,1,1,1,1,1,0
1.8,1,1,1,1,1,1,1,0
1.8,1,1,1,1,1,1,1,0
1.8,1,1,1,1,1,1,1,0
1.8,1,1,1,1,1,1,1,0
1.8,1,1,1,1,1,1,1,0
2.333,1,1,1,1,1,1,1,0
1.8,1,1,1,1,1,1,1,0
1.8,1,1,1,1,1,1,1,0
1.8,1,1,1,1,1,1,1,0
1.8,1,1,1,1,1,1,1,0
1.8,1,1,1,1,1,1,1,0
1.8,1,1,1,1,1,1,1,0
1.0,1,1,1,1,1,1,1,0
10.036,1,1,1,1,2,2,1,0
1.0,1,1,1,1,1,1,1,0
1.5,1,1,1,1,1,1,1,0
2.729,1,1,1,1,1,1,1,0
2.529,1,1,1,1,1,1,1,0
1.491,1,1,1,1,2,1,1,0
2.03,1,1,1,1,1,1,1,0
1.74,1,1,1,1,1,1,1,0
2.05,1,1,1,1,2,1,1,0
1.0,1,1,1,1,2,1,1,0
3.333,1,1,1,1,1,1,1,0
1.0,1,1,1,1,1,1,1,0
2.011,1,1,1,1,1,1,1,0
1.857,1,1,1,1,1,1,1,0
1.25,1,1,1,1,1,1,1,0
1.0,1,1,1,1,1,1,1,0
2.457,1,1,1,1,2,1,1,0
2.0,1,1,1,1,1,1,1,0
1.333,1,1,1,1,2,1,1,0
2.059,1,1,1,1,2,1,1,0
1.0,1,1,1,1,1,1,1,0
1.076,1,1,1,1,1,1,2,0
6.666,1,1,1,1,1,1,1,0
2.577,1,1,1,1,1,1,1,0
1.812,1,1,1,1,1,1,2,0
2.818,1,1,1,1,1,1,1,0
2.642,1,1,1,1,1,1,3,0
1.307,2,1,1,1,1,1,3,0
1.531,1,1,1,1,1,1,2,0
2.804,1,1,1,1,2,2,1,0
1.0,1,1,1,1,1,1,1,0
2.646,1,1,1,1,1,1,1,0
1.601,1,1,1,1,1,1,1,0
2.142,1,1,1,1,1,1,1,0
2.333,1,1,1,1,1,1,1,0
1.074,1,1,1,2,2,1,1,0
3.918,1,1,2,1,2,2,1,0
1.983,1,1,1,2,1,1,1,0
3.298,1,1,1,1,2,1,1,0
2.777,1,1,1,1,2,1,1,0
2.787,1,1,1,1,2,1,1,0
1.864,1,1,1,1,1,1,1,0
2.232,1,1,1,1,2,1,1,0
1.0,1,1,1,1,1,1,1,0
1.231,1,1,1,1,2,1,1,0
3.083,1,1,1,1,1,2,1,0
4.312,1,1,1,1,1,1,1,0
5.888,1,1,1,1,1,1,1,0
1.961,1,1,1,1,1,1,1,0
1.666,1,1,1,1,1,1,1,0
2.0,1,1,1,1,1,1,1,0
1.35,1,1,1,1,2,1,1,0
2.236,1,1,2,1,1,1,1,0
1.0,1,1,1,1,1,1,1,0
3.333,1,1,1,1,1,1,1,0
1.863,1,2,1,1,1,1,1,0
1.59,1,1,1,1,1,1,1,0
1.0,1,1,1,1,1,1,1,0
2.0,1,1,1,1,1,1,1,0
2.166,1,2,1,1,1,1,1,0
1.714,1,1,1,1,1,1,1,0
3.333,1,1,1,1,1,1,1,0
1.0,1,1,1,2,1,1,1,0
1.696,1,1,1,1,1,1,1,0
3.971,1,1,1,1,1,1,1,0
1.166,1,1,1,1,1,1,1,0
2.285,1,1,1,1,1,1,1,0
1.663,1,1,1,1,2,1,1,0
2.142,1,1,1,1,1,1,1,0
2.982,1,1,1,1,1,1,1,0
1.979,1,1,1,2,1,1,1,0
2.508,1,1,1,1,1,1,1,0
1.6,1,1,1,1,1,1,1,0
1.912,1,1,1,1,1,1,1,0
1.768,1,1,1,1,1,1,1,0
1.641,1,1,1,1,2,1,1,0
2.108,1,1,1,1,1,1,1,0
1.767,1,1,1,1,2,1,1,0
1.836,1,1,1,1,2,1,1,0
1.769,1,1,1,1,2,1,1,0
4.7,1,1,1,1,1,1,1,0
4.571,2,1,1,1,1,2,1,0
2.588,1,1,1,1,1,1,1,0
2.6,1,1,1,1,1,1,1,0
2.158,1,1,1,1,1,1,1,0
3.117,1,1,1,1,1,1,1,0
1.506,1,1,1,1,1,1,1,0
1.433,1,1,1,1,2,1,1,0
2.972,1,1,1,1,1,1,1,0
1.0,1,1,1,1,1,1,1,0
1.0,1,1,1,1,1,1,1,0
2.784,1,1,1,1,1,1,1,0
3.189,1,1,1,1,1,1,1,0
2.984,1,1,1,1,1,1,1,0
2.166,1,1,1,1,1,1,3,0
1.0,1,1,1,1,1,1,1,0
5.189,1,1,1,1,2,1,1,0
1.25,1,1,1,1,1,1,1,0
1.0,1,1,1,1,1,1,1,0
2.75,1,1,1,1,1,1,1,0
2.017,1,1,1,1,1,1,1,0
2.375,1,1,1,1,1,1,3,0
1.475,1,1,1,1,1,1,1,0
2.46,1,1,1,2,2,2,2,0
1.931,2,1,1,1,2,1,1,0
2.058,1,1,1,1,1,1,1,0
4.257,1,1,1,1,2,1,1,0
3.0,1,1,1,1,1,1,2,0
2.24,1,1,1,1,1,1,1,0
2.666,1,1,1,1,1,1,1,0
1.722,1,1,1,1,1,1,1,0
1.461,1,1,1,2,1,1,2,0
1.3,1,1,1,1,2,1,1,0
1.666,1,1,1,1,1,1,1,0
3.789,1,1,1,1,1,1,1,0
2.367,1,1,1,1,1,1,1,0
2.156,1,1,1,1,1,1,1,0
1.5,1,1,1,1,1,1,1,0
1.076,1,1,1,1,1,1,1,0
3.205,1,1,1,1,1,1,1,0
1.625,1,1,1,1,1,1,1,0
2.277,1,1,1,1,1,1,1,0
1.5,1,1,1,1,1,1,1,0
1.545,1,1,1,1,1,1,1,0
2.241,1,1,1,1,2,1,1,0
5.695,1,1,1,1,2,1,1,0
6.145,1,2,1,1,1,1,2,0
2.112,1,1,1,1,1,1,1,0
1.813,1,1,1,1,1,1,1,0
2.09,1,1,1,1,1,1,1,0
1.789,1,1,1,1,1,1,1,0
1.0,1,1,1,1,1,1,1,0
2.09,1,1,1,1,1,1,1,0
1.888,1,1,1,1,1,1,1,0
2.0,1,1,1,1,1,1,1,0
1.428,1,1,1,1,1,1,1,0
2.44,1,1,1,1,1,1,1,0
1.5,1,1,1,1,2,1,1,0
1.487,1,1,1,2,2,1,1,0
1.875,1,1,1,1,2,1,1,0
2.125,1,1,1,1,1,1,2,0
1.944,1,1,1,1,1,1,1,0
1.772,1,1,1,1,2,1,1,0
1.375,1,1,1,1,1,1,1,0
1.26,1,1,1,1,1,1,1,0
1.062,1,1,1,1,1,1,1,0
1.0,1,1,1,1,1,1,2,0
2.583,1,1,1,1,1,1,2,0
1.978,1,1,1,1,1,1,1,0
1.0,1,1,1,1,1,1,1,0
2.281,1,1,2,2,2,2,2,0
2.829,1,1,1,1,2,1,1,0
1.0,1,1,1,1,1,1,1,0
1.0,1,1,1,1,1,1,1,0
1.272,1,1,1,2,1,1,1,0
1.52,1,1,1,1,1,1,2,0
2.9,1,1,1,1,1,1,1,0
3.764,1,1,1,1,2,1,1,0
2.883,1,1,1,1,2,1,1,0
1.21,1,1,1,1,1,1,1,0
2.013,1,1,1,1,2,1,1,0
2.142,1,1,1,1,1,1,3,0
2.607,1,1,1,1,2,1,1,0
4.75,1,1,1,1,1,1,1,0
1.272,1,1,1,1,1,1,2,0
1.823,1,1,1,1,1,1,1,0
2.075,1,1,1,1,2,1,1,0
1.5,1,1,1,1,1,1,2,0
2.983,1,1,1,1,1,1,1,0
2.5,1,1,1,1,1,1,1,0
1.333,1,1,1,1,1,1,2,0
2.045,2,1,1,1,1,1,3,0
1.5,1,1,1,1,1,1,1,0
1.3,1,1,1,2,1,1,1,0
1.711,1,1,1,2,2,1,1,0
1.125,1,1,1,1,1,1,1,0
3.555,1,1,1,1,1,1,1,0
1.466,1,1,1,1,1,1,1,0
1.0,1,1,1,1,1,1,1,0
2.0,1,1,1,1,2,1,2,0
2.636,1,1,1,1,1,1,1,0
1.166,1,1,1,1,1,1,1,0
1.166,1,1,1,1,1,1,1,0
1.962,1,1,1,1,1,1,1,0
1.902,1,1,1,1,2,1,1,0
1.0,1,1,1,1,1,1,1,0
2.733,1,1,1,1,1,1,1,0
1.611,1,1,1,1,1,1,1,0
2.178,1,1,1,1,1,1,1,0
4.016,1,1,1,1,2,1,1,0
2.361,1,1,1,1,1,1,2,0
1.765,1,1,1,1,1,1,1,0
1.25,1,1,1,1,1,2,1,0
1.583,1,1,1,1,2,1,1,0
1.583,1,1,1,1,2,1,1,0
1.25,1,1,1,1,1,2,1,0
1.23,1,1,1,1,1,1,1,0
2.969,1,1,1,1,1,1,1,0
1.531,1,1,1,1,1,1,1,0
2.444,1,1,1,1,2,1,1,0
5.888,1,1,1,1,1,1,1,0
1.769,1,1,1,1,1,1,1,0
1.424,1,1,1,1,1,1,1,0
2.426,1,1,1,1,1,1,1,0
1.595,1,1,1,2,2,1,1,0
1.76,1,1,1,1,1,1,1,0
1.823,1,1,1,1,1,1,1,0
1.125,1,1,1,1,1,1,1,0
4.11,1,1,1,1,1,1,1,0
3.061,1,1,1,1,2,1,1,0
2.125,2,1,1,1,1,1,1,0
2.8,1,1,1,1,1,1,3,0
2.84,1,1,1,1,1,1,1,0
1.714,1,1,1,1,1,1,1,0
1.523,1,1,1,1,1,1,1,0
2.203,1,1,1,1,1,1,2,0
3.9,1,1,1,1,1,1,1,0
1.666,1,1,1,1,1,1,3,0
1.0,1,1,1,1,1,1,3,0
1.4,1,1,1,1,1,1,1,0
1.596,1,1,1,1,1,1,1,0
1.571,1,1,1,1,1,1,1,0
1.949,1,1,1,1,1,1,1,0
1.0,1,1,1,1,1,1,1,0
1.142,1,1,1,1,1,1,1,0
2.288,1,1,1,1,1,1,1,0
1.973,1,1,1,1,1,1,1,0
2.0,1,1,1,1,1,1,1,0
1.758,1,1,1,1,1,1,2,0
4.296,1,1,1,1,2,1,1,0
3.294,1,1,1,1,2,2,3,0
2.0,1,1,1,1,1,1,3,0
1.981,1,1,1,1,1,1,1,0
2.909,1,1,1,1,1,1,1,0
1.0,1,1,1,1,1,1,1,0
4.114,1,1,1,1,1,1,1,0
1.666,1,1,1,1,1,1,1,0
2.481,1,1,1,1,1,1,1,0
3.041,1,1,1,1,1,1,1,0
1.857,1,1,1,1,1,1,1,0
1.857,1,1,1,1,1,1,1,0
2.312,1,1,1,1,1,1,1,0
1.454,1,1,1,1,1,1,1,0
4.226,1,1,1,1,1,1,1,0
1.793,1,1,1,1,1,1,1,0
1.9,1,1,1,2,1,1,1,0
17.952,1,1,1,1,1,1,1,0
3.322,1,1,1,1,1,1,1,0
1.483,1,1,1,1,2,1,1,0
3.369,2,1,1,1,1,1,1,0
2.08,1,1,1,1,2,1,1,0
1.592,1,1,1,1,2,1,1,0
1.592,1,1,1,1,2,1,1,0
4.634,1,1,1,1,2,1,1,0
1.272,1,1,1,1,1,1,1,0
2.379,1,1,1,1,1,1,1,0
1.0,1,1,1,1,1,1,1,0
1.0,1,1,1,1,1,1,1,0
1.37,1,1,1,1,1,1,1,0
1.793,1,1,1,2,2,1,1,0
1.488,1,1,1,1,1,1,1,0
2.5,1,1,1,1,1,1,1,0
3.2,1,1,1,1,1,1,1,0
2.187,1,1,1,1,1,1,1,0
4.476,1,1,1,1,1,1,1,0
2.352,1,1,1,1,2,1,1,0
1.0,1,1,1,1,1,1,1,0
5.0,1,1,1,1,1,1,1,0
4.758,1,1,2,1,1,1,1,0
1.866,1,1,1,1,1,1,1,0
2.43,1,1,1,1,1,1,1,0
1.722,1,1,2,1,1,1,1,0
4.309,1,2,1,1,1,1,2,0
1.8,1,1,1,1,1,1,1,0
1.614,1,1,1,1,2,1,1,0
1.79,1,1,1,1,1,1,1,0
2.74,1,1,1,2,1,1,1,0
1.7,1,1,1,2,1,1,1,0
3.2,1,1,1,1,1,1,3,0
2.653,1,1,1,1,1,1,2,0
3.85,1,1,1,1,1,1,1,0
2.75,1,1,1,1,1,1,2,0
1.8,1,1,1,1,1,1,1,0
4.054,1,1,1,1,1,1,1,0
1.214,1,1,1,1,1,1,1,0
1.277,1,1,1,1,1,1,1,0
1.0,1,1,1,1,1,1,2,0
5.888,1,1,1,1,1,1,1,0
1.333,1,1,1,1,2,1,1,0
1.468,1,1,1,1,1,1,1,0
2.148,1,1,1,1,2,1,1,0
2.176,1,1,1,1,1,1,1,0
1.714,1,1,1,1,1,1,1,0
1.0,1,1,1,1,1,1,1,0
1.0,1,1,1,1,1,1,1,0
1.444,1,1,1,1,1,1,1,0
1.0,1,1,1,1,1,1,1,0
1.384,1,1,1,1,1,1,1,0
1.0,1,1,1,1,1,1,1,0
1.0,1,1,1,1,1,1,1,0
1.0,1,1,1,1,1,1,1,0
1.0,1,1,1,1,1,1,1,0
1.363,1,1,1,1,1,1,1,0
1.0,1,1,1,1,1,1,1,0
1.0,1,1,1,1,1,1,1,0
1.0,1,1,1,1,1,1,1,0
1.0,1,1,1,1,1,1,1,0
1.0,1,1,1,1,1,1,1,0
1.0,1,1,1,1,1,1,1,0
1.0,1,1,1,1,1,1,1,0
1.0,1,1,1,1,1,1,1,0
1.0,1,1,1,1,1,1,1,0
1.0,1,1,1,1,1,1,1,0
1.0,1,1,1,1,1,1,1,0
1.0,1,1,1,1,1,1,1,0
1.0,1,1,1,1,1,1,1,0
1.0,1,1,1,1,1,1,1,0
1.5,1,1,1,1,1,1,1,0
1.0,1,1,1,1,1,1,1,0
1.833,1,1,1,1,1,1,1,0
2.5,1,1,1,1,1,1,1,0
2.25,1,1,1,1,1,1,1,0
1.0,1,1,1,1,1,1,1,0
1.0,1,1,1,1,1,1,1,0
1.0,1,1,1,1,1,1,1,0
1.0,1,1,1,1,1,1,1,0
1.0,1,1,1,1,1,1,1,0
1.0,1,1,1,1,1,1,1,0
1.0,1,1,1,1,1,1,1,0
1.0,1,1,1,1,1,1,1,0
1.0,1,1,1,1,1,1,1,0
1.0,1,1,1,1,1,1,1,0
1.0,1,1,1,1,1,1,1,0
1.0,1,1,1,1,1,1,1,0
1.0,1,1,1,1,1,1,1,0
1.5,1,1,1,1,1,1,1,0
1.0,1,1,1,1,1,1,1,0
1.0,1,1,1,1,1,1,1,0
1.0,1,1,1,1,1,1,1,0
1.0,1,1,1,1,1,1,1,0
1.0,1,1,1,1,1,1,1,0
1.0,1,1,1,1,1,1,1,0
1.0,1,1,1,1,1,1,1,0
1.0,1,1,1,1,1,1,1,0
1.0,1,1,1,1,1,1,1,0
1.0,1,1,1,1,1,1,1,0
1.0,1,1,1,1,1,1,1,0
1.0,1,1,1,1,1,1,1,0
1.0,1,1,1,1,1,1,1,0
1.0,1,1,1,1,1,1,1,0
1.0,1,1,1,1,1,1,1,0
1.0,1,1,1,1,1,1,1,0
1.0,1,1,1,1,1,1,1,0
1.4,1,1,1,1,1,1,1,0
1.0,1,1,1,1,1,1,1,0
1.0,1,1,1,1,1,1,1,0
1.0,1,1,1,1,1,1,1,0
1.0,1,1,1,1,1,1,1,0
1.0,1,1,1,1,1,1,1,0
1.0,1,1,1,1,1,1,1,0
1.6,1,1,1,1,1,1,1,0
1.0,1,1,1,1,1,1,1,0
1.0,1,1,1,1,1,1,1,0
1.0,1,1,1,1,1,1,1,0
1.0,1,1,1,1,1,1,1,0
3.333,1,1,1,1,1,1,1,0
1.0,1,1,1,1,1,1,1,0
1.0,1,1,1,1,1,1,1,0
3.901,1,1,1,1,2,1,1,0
1.0,1,1,1,1,1,1,1,0
1.0,1,1,1,1,1,1,1,0
1.0,1,1,1,1,1,1,1,0
1.0,1,1,1,1,1,1,1,0
1.0,1,1,1,1,1,1,1,0
1.0,1,1,1,1,1,1,1,0
1.0,1,1,1,1,1,1,1,0
1.0,1,1,1,1,1,1,1,0
2.0,1,1,1,1,1,1,1,0
1.4,1,1,1,1,1,1,1,0
2.276,1,1,1,1,2,1,1,0
1.636,1,1,1,1,2,1,1,0
12.43,1,1,1,1,1,1,1,0
1.59,1,1,1,1,2,1,1,0
2.1,1,1,1,1,1,1,1,0
2.142,1,1,1,1,1,1,2,0
1.142,1,1,1,1,2,1,1,0
1.0,1,1,1,1,1,1,3,0
4.454,1,1,1,1,1,1,1,0
1.666,1,1,1,1,1,1,2,0
2.0,1,1,1,1,1,1,3,0
2.333,1,1,1,1,1,1,3,0
1.533,1,1,1,1,1,1,1,0
3.03,1,1,1,1,1,1,1,0
2.095,1,1,1,1,1,1,1,0
1.842,1,1,1,1,1,1,1,0
1.997,1,1,1,1,1,1,1,0
1.0,1,1,1,1,1,1,1,0
2.953,1,1,1,1,2,1,1,0
2.565,1,1,1,1,1,1,1,0
1.729,1,1,1,1,1,1,1,0
2.128,1,1,1,1,2,1,1,0
1.0,1,1,1,1,1,1,1,0
1.857,1,1,1,1,2,1,1,0
2.333,1,1,1,1,1,1,1,0
2.416,1,1,1,2,1,1,1,0
1.21,1,1,1,1,1,1,1,0
5.15,1,1,1,1,2,1,1,0
2.842,1,1,1,1,1,1,1,0
1.547,1,1,1,1,2,1,3,0
1.784,1,1,1,1,2,1,1,0
2.15,1,1,1,2,2,1,1,0
2.135,1,1,1,1,1,1,1,0
3.184,2,1,1,1,1,1,1,0
1.375,1,1,1,1,1,1,1,0
1.522,1,1,1,1,2,1,1,0
1.412,1,1,1,1,2,1,1,0
2.5,1,1,1,1,1,1,1,0
1.523,1,1,1,1,1,1,1,0
1.176,1,1,1,1,1,1,1,0
2.0,1,1,1,1,1,1,1,0
2.894,1,1,1,1,2,1,1,0
5.555,1,1,1,1,1,1,1,0
2.111,1,1,1,2,1,1,1,0
1.857,1,1,1,1,1,1,1,0
3.772,1,1,1,1,2,1,1,0
1.166,1,1,1,1,1,1,1,0
2.724,1,1,1,1,1,1,1,0
1.531,1,1,1,1,2,1,1,0
1.0,1,1,1,1,1,1,1,0
1.375,1,1,1,1,1,1,2,0
2.666,1,1,1,1,1,1,1,0
2.277,1,1,1,1,1,1,1,0
1.629,1,1,1,1,1,1,1,0
1.187,1,1,1,1,1,1,1,0
2.0,1,1,1,1,1,1,2,0
2.531,1,1,1,1,1,1,2,0
1.616,1,1,1,1,1,1,2,0
1.058,1,1,1,1,2,1,1,0
2.182,1,1,1,1,1,1,1,0
1.555,1,1,1,1,1,1,2,0
2.25,1,1,1,1,1,1,1,0
1.197,1,1,1,1,1,1,1,0
3.5,1,1,1,1,1,1,1,0
1.705,1,1,1,1,2,1,1,0
1.428,1,1,1,1,1,1,1,0
1.657,1,1,1,1,1,1,1,0
1.714,1,1,1,1,2,1,1,0
1.0,1,1,1,1,2,1,1,0
1.685,1,1,1,1,1,1,1,0
1.642,1,1,1,2,2,1,1,0
1.866,1,1,1,1,1,1,1,0
2.166,1,1,1,1,1,1,1,0
1.958,1,1,1,1,2,1,1,0
1.333,1,1,1,1,1,1,1,0
1.307,1,1,1,1,1,1,1,0
3.461,1,1,1,2,1,1,2,0
3.041,1,1,1,1,1,1,1,0
1.919,1,1,1,1,1,1,1,0
1.6,1,1,1,1,1,1,1,0
4.275,1,1,1,1,2,1,1,0
3.888,1,1,1,1,1,1,1,0
2.13,1,1,1,1,1,1,2,0
1.0,1,1,1,1,1,1,3,0
1.133,1,1,1,1,1,1,1,0
2.023,1,1,1,1,1,1,1,0
1.568,1,1,1,1,1,1,1,0
1.51,1,1,1,1,1,1,1,0
1.969,1,1,1,1,1,1,1,0
2.138,1,1,1,1,1,1,1,0
1.222,1,1,1,1,2,1,1,0
1.647,1,1,1,1,2,1,1,0
2.161,1,1,1,1,2,1,1,0
3.478,1,1,1,1,1,1,1,0
2.018,1,1,1,1,1,1,1,0
2.232,1,1,1,1,2,1,1,0
1.4,1,1,1,1,2,1,1,0
1.426,1,1,1,1,2,1,1,0
2.117,1,1,1,1,1,1,1,0
3.26,1,1,1,1,1,1,1,0
2.16,1,1,1,1,1,1,1,0
1.5,1,1,1,1,2,1,1,0
15.333,1,1,1,1,2,1,1,0
1.272,1,1,1,1,2,1,2,0
5.3,1,1,1,1,1,1,1,0
1.823,1,1,1,1,2,1,1,0
1.671,1,1,1,1,2,1,1,0
3.183,1,1,1,1,1,1,1,0
1.637,1,1,1,1,2,1,1,0
14.0,1,1,1,1,1,1,1,0
2.542,1,1,1,1,1,1,1,0
1.866,1,1,1,1,1,1,1,0
1.347,1,1,2,1,1,2,1,0
2.16,1,1,1,1,1,1,1,0
3.312,1,1,1,1,1,1,1,0
2.885,1,1,1,1,1,1,1,0
2.206,1,1,1,1,1,1,1,0
2.156,1,1,1,1,1,1,1,0
1.767,1,1,1,1,1,1,2,0
1.722,1,1,1,1,1,1,1,0
1.76,1,1,1,1,1,2,2,0
1.0,1,1,1,1,1,1,1,0
1.884,1,1,1,1,2,1,1,0
1.125,1,1,1,1,1,2,1,0
1.0,1,1,1,1,1,1,1,0
1.754,1,1,1,1,2,1,1,0
1.848,1,1,1,1,1,1,1,0
3.525,1,1,1,1,2,1,1,0
3.657,1,1,1,1,1,1,1,0
2.5,1,1,1,1,1,1,1,0
1.846,1,1,1,1,1,1,1,0
2.291,1,1,1,1,2,1,1,0
1.0,1,1,1,1,1,1,1,0
1.517,1,1,1,1,2,1,1,0
1.625,1,1,1,1,1,1,1,0
1.715,1,1,1,1,2,1,1,0
2.5,2,1,1,2,2,1,2,0
2.166,1,1,1,1,1,1,1,0
5.846,1,1,1,1,1,1,1,0
6.096,1,1,1,1,1,1,1,0
1.831,1,1,2,1,2,1,1,0
1.583,1,1,1,2,1,1,1,0
8.021,1,1,1,1,1,1,1,0
2.833,1,1,1,1,2,1,2,0
1.84,1,1,1,1,1,1,1,0
3.0,1,1,1,1,1,1,1,0
5.888,1,1,1,1,1,1,1,0
2.419,1,1,1,1,2,1,1,0
1.826,1,1,1,1,2,1,1,0
2.161,1,1,1,1,2,1,1,0
1.156,1,1,1,1,1,1,1,0
1.0,1,1,1,2,1,1,1,0
1.0,1,1,1,1,1,1,1,0
3.989,1,1,1,1,1,1,1,0
1.0,1,1,1,1,1,1,1,0
1.785,1,1,1,1,1,1,1,0
3.677,1,1,1,1,1,1,1,0
1.428,1,1,1,1,1,1,1,0
2.7,1,1,1,1,1,1,1,0
1.833,1,1,1,1,1,1,1,0
3.211,1,1,1,1,2,1,1,0
2.634,1,1,1,1,1,1,1,0
3.233,1,1,1,1,1,1,1,0
1.976,1,1,1,1,1,1,1,0
2.42,2,1,1,1,1,1,1,0
2.431,1,1,1,1,1,1,1,0
1.25,1,1,1,1,1,1,1,0
2.333,1,1,2,1,1,1,2,0
1.853,1,1,1,1,1,1,1,0
1.0,1,1,1,1,1,1,1,0
2.246,1,1,1,1,1,1,1,0
1.5,1,1,1,1,1,1,2,0
2.63,1,1,1,1,1,1,1,0
1.0,1,1,1,1,1,1,1,0
2.097,1,1,1,1,2,1,1,0
2.904,1,1,1,1,1,2,1,0
1.444,1,1,1,1,1,1,1,0
2.294,1,1,1,1,1,1,1,0
2.8,1,1,1,1,1,1,1,0
1.0,1,1,1,1,1,1,1,0
4.133,1,1,1,1,1,1,1,0
2.278,1,1,1,1,1,1,1,0
2.094,1,1,1,1,1,1,1,0
4.84,1,1,1,1,1,1,1,0
2.111,1,1,1,1,2,1,1,0
2.234,1,1,1,1,2,1,1,0
1.666,1,1,1,1,1,1,1,0
1.058,1,1,1,1,1,1,1,0
1.677,1,1,1,1,2,1,1,0
1.666,1,1,1,1,1,1,2,0
2.0,1,1,1,1,1,1,3,0
1.948,1,1,1,1,2,1,1,0
1.967,1,1,1,2,2,1,1,0
1.0,1,1,1,1,1,1,3,0
1.742,1,1,1,1,2,1,1,0
1.062,1,1,1,1,1,1,1,0
4.379,1,1,1,1,1,1,1,0
1.466,1,1,1,1,1,1,1,0
1.859,1,1,1,1,1,1,1,0
2.731,1,1,1,1,1,1,1,0
2.053,1,1,1,1,2,1,1,0
1.64,1,1,1,1,1,1,1,0
1.285,1,1,1,1,1,1,1,0
2.142,1,1,1,1,1,1,1,0
1.2,1,1,1,1,1,1,3,0
2.062,1,1,1,1,2,2,1,0
1.423,1,1,1,1,1,1,2,0
2.405,1,1,1,2,1,1,1,0
1.842,1,1,1,1,1,1,1,0
1.166,1,1,1,1,1,1,1,0
1.166,1,1,1,1,1,1,1,0
4.964,1,1,1,1,2,1,1,0
1.0,1,1,1,1,2,1,1,0
2.638,1,1,1,1,1,1,1,0
1.545,1,1,1,1,1,1,1,0
1.3,1,1,1,1,1,1,1,0
3.153,1,1,1,1,1,1,1,0
1.605,1,1,1,1,1,1,1,0
1.153,1,1,1,1,1,1,1,0
2.442,1,1,1,1,2,1,1,0
1.0,1,1,1,1,1,1,1,0
2.701,1,1,1,1,1,1,1,0
2.0,1,1,1,1,1,1,1,0
1.2,1,1,1,1,1,1,1,0
2.238,1,1,1,1,1,1,1,0
1.8,1,1,1,1,2,1,1,0
2.16,1,1,1,1,1,1,1,0
4.368,1,1,1,1,1,1,1,0
1.551,1,1,1,1,2,1,2,0
2.25,1,1,1,1,1,1,1,0
2.288,1,1,1,1,1,1,1,0
1.988,1,1,1,1,1,1,1,0
2.111,1,1,1,1,2,1,1,0
1.411,1,1,1,1,1,1,1,0
3.333,1,1,1,1,1,1,1,0
1.25,1,1,1,1,1,1,1,0
2.222,1,1,1,1,1,1,1,0
2.604,1,1,1,1,1,1,1,0
2.826,1,1,1,1,1,1,2,0
2.208,1,1,1,1,1,1,1,0
3.25,1,1,1,1,1,1,1,0
1.919,1,1,1,1,2,1,1,0
1.813,1,1,1,1,1,1,2,0
1.983,1,1,1,1,2,1,1,0
1.681,1,1,1,1,2,1,1,0
1.947,1,1,1,1,1,1,1,0
5.5,1,1,1,1,1,1,1,0
3.055,1,1,1,1,1,1,1,0
1.285,1,1,1,1,1,1,1,0
1.526,1,1,1,1,1,1,1,0
1.545,1,1,2,1,1,1,1,0
1.722,1,1,1,1,1,1,3,0
1.195,1,1,1,2,1,1,1,0
1.125,1,1,1,1,1,1,1,0
2.344,1,1,1,1,1,1,1,0
1.666,1,1,1,1,1,1,1,0
1.192,1,1,1,1,2,1,3,0
1.206,1,1,1,1,1,1,1,0
1.222,1,1,1,1,1,1,1,0
4.437,1,2,1,2,2,1,3,0
1.592,1,1,1,1,1,2,1,0
1.0,1,1,1,1,1,1,1,0
1.0,1,1,1,1,1,1,3,0
1.125,1,1,1,1,1,1,1,0
1.645,1,1,1,1,1,1,1,0
1.181,1,1,1,1,1,1,2,0
2.362,1,1,1,1,1,1,1,0
1.166,1,1,1,1,1,1,1,0
1.4,1,1,1,1,1,1,1,0
1.0,1,1,1,1,1,1,1,0
1.294,1,1,1,1,1,1,3,0
1.454,1,1,1,1,1,1,1,0
1.2,1,1,1,1,1,1,3,0
2.557,1,1,1,1,1,1,1,0
1.607,1,1,1,1,1,1,1,0
1.428,1,1,1,1,1,2,1,0
1.0,1,1,1,1,1,1,3,0
1.114,1,1,1,1,1,1,1,0
1.111,1,1,1,1,1,1,1,0
1.714,1,1,1,1,1,1,2,0
1.25,1,1,1,1,1,1,1,0
1.37,1,1,1,1,1,1,2,0
1.238,1,1,1,1,1,1,2,0
1.0,1,1,1,1,1,1,3,0
1.16,1,1,1,1,1,1,3,0
2.222,1,1,1,1,1,1,1,0
1.076,1,1,1,1,2,1,1,0
1.279,1,1,1,1,1,1,2,0
1.59,1,1,1,1,1,2,1,0
2.666,1,1,1,1,1,1,1,0
1.75,1,1,1,1,1,1,3,0
1.263,1,1,1,1,1,1,1,0
1.0,1,1,1,1,1,1,3,0
1.786,1,1,1,1,1,1,1,0
1.976,1,1,1,1,1,2,1,0
1.0,1,1,1,1,1,1,1,0
1.681,1,1,1,1,1,1,2,0
2.487,1,1,1,2,1,1,2,0
2.413,1,1,1,1,1,1,1,0
1.897,1,1,1,1,1,2,2,0
1.1,1,1,1,1,1,1,2,0
9.125,1,1,1,1,1,1,3,0
1.225,1,1,1,1,1,1,1,0
1.0,1,1,1,1,1,1,1,0
1.677,1,1,1,1,1,2,2,0
2.125,1,1,2,1,1,1,3,0
2.483,1,1,1,1,2,1,1,0
1.466,1,1,1,1,1,1,1,0
1.333,1,1,1,1,1,1,2,0
1.361,1,1,1,1,1,1,2,0
2.213,2,1,1,1,2,1,2,0
1.0,1,1,1,1,1,1,1,0
1.333,1,1,1,1,1,1,2,0
1.363,1,1,1,1,1,2,1,0
1.347,1,1,1,1,1,2,1,0
2.352,1,1,1,2,1,1,1,0
1.23,1,1,1,1,1,1,1,0
1.775,1,1,1,1,1,1,1,0
1.454,1,1,1,1,1,1,2,0
2.525,1,1,1,1,1,1,1,0
2.638,1,1,1,1,1,1,1,0
1.0,1,1,1,1,1,1,1,0
2.6,1,1,1,1,1,1,1,0
1.625,1,1,1,1,1,1,2,0
2.829,1,1,1,1,1,1,1,0
2.54,1,1,1,1,1,1,1,0
4.352,1,1,1,1,1,1,1,0
2.704,1,1,1,1,1,1,1,0
2.862,1,1,1,1,1,1,2,0
4.312,1,1,1,1,1,1,1,0
2.827,1,1,1,1,1,1,1,0
1.632,1,1,1,1,1,1,1,0
2.555,1,1,1,1,1,1,1,0
1.314,1,1,1,1,1,1,1,0
1.704,1,1,1,1,1,1,1,0
2.137,1,1,1,1,1,1,1,0
2.071,1,2,1,1,1,1,2,0
1.429,1,1,1,1,1,1,1,0
1.508,1,1,1,1,2,1,1,0
1.536,1,1,1,1,1,1,1,0
1.033,1,1,1,1,1,1,3,0
1.276,1,1,1,1,2,1,1,0
1.142,1,1,1,1,1,1,1,0
3.103,1,1,1,1,1,1,1,0
3.956,1,1,1,1,1,1,2,0
3.772,1,1,1,1,1,1,1,0
2.848,1,1,1,1,1,1,1,0
4.05,1,1,1,1,1,1,1,0
3.333,1,1,1,1,1,1,1,0
1.884,1,1,1,1,2,1,1,0
1.698,1,1,2,1,2,1,1,0
1.0,1,1,1,1,2,1,3,0
2.0,1,1,1,2,1,1,1,0
4.368,1,1,1,1,1,1,1,0
3.4,1,1,1,1,1,1,1,0
2.29,1,1,1,1,1,1,1,0
1.346,1,1,1,1,1,1,2,0
2.939,1,1,1,1,1,1,1,0
1.873,1,1,1,1,1,1,1,0
1.963,1,1,1,2,1,1,1,0
4.117,1,1,1,1,1,1,1,0
2.918,1,1,1,1,1,2,1,0
2.625,1,1,1,2,1,1,1,0
2.342,1,1,1,1,1,1,2,0
2.843,1,1,1,2,1,1,1,0
1.444,1,1,1,1,1,1,1,0
2.457,1,1,2,1,1,1,2,0
3.137,1,1,1,1,1,1,1,0
1.482,1,1,1,1,1,2,2,0
1.047,1,1,1,1,1,1,2,0
1.7,1,1,1,1,2,2,3,0
1.565,1,1,1,1,1,2,2,0
2.0,1,1,1,2,2,1,3,0
1.714,1,1,1,1,1,1,2,0
1.769,1,1,1,1,1,1,2,0
1.414,1,1,1,1,2,1,1,0
5.2,1,1,2,2,1,1,1,0
1.315,1,1,1,1,1,1,1,0
1.0,1,1,1,1,1,1,2,0
1.705,1,1,2,2,2,2,1,0
1.086,1,1,1,1,2,1,2,0
1.727,1,1,1,1,1,1,3,0
1.12,1,1,1,1,2,1,2,0
1.666,1,1,1,1,1,1,3,0
1.148,1,1,1,1,2,1,2,0
1.0,1,1,1,1,2,1,3,0
1.0,1,1,1,1,1,1,1,0
1.514,1,1,1,1,2,1,1,0
1.5,1,1,1,1,1,1,1,0
1.411,1,1,1,1,1,1,1,0
1.6,1,1,1,1,1,1,1,0
1.093,1,1,1,2,1,1,2,0
3.5,1,1,1,1,1,1,1,0
1.131,1,1,1,2,1,1,1,0
1.387,1,1,1,1,1,1,3,0
1.131,1,1,1,1,2,1,3,0
1.138,1,1,2,2,1,1,3,0
1.787,1,1,1,1,1,1,1,0
1.218,1,1,1,2,1,1,1,0
1.843,1,1,1,1,1,1,1,0
1.0,1,1,1,1,1,1,1,0
2.136,1,1,2,1,1,2,1,0
2.769,1,1,1,1,1,1,1,0
2.052,1,1,1,1,1,1,2,0
2.538,1,1,1,1,1,1,1,0
2.674,1,1,1,1,2,1,1,0
1.285,1,1,1,1,1,1,2,0
2.105,1,1,1,1,1,1,1,0
7.326,1,1,1,1,1,1,1,0
6.822,1,1,1,1,1,1,1,0
6.423,1,1,1,1,2,1,1,0
7.531,1,1,1,1,1,1,1,0
2.222,1,1,1,1,1,1,1,0
2.052,1,1,1,1,1,1,1,0
2.692,1,1,1,1,1,1,1,0
7.464,1,1,1,1,1,1,1,0
6.912,1,1,1,1,1,1,1,0
3.555,1,1,1,1,1,1,1,0
2.388,1,1,1,1,1,1,1,0
2.482,1,1,1,1,1,1,1,0
1.933,1,1,1,1,1,1,1,0
2.744,1,1,1,1,1,1,1,0
1.695,1,1,1,1,1,1,1,0
3.304,1,1,1,1,1,1,2,0
1.75,1,1,1,1,1,1,1,0
1.035,1,1,2,1,1,1,1,0
1.307,1,1,1,1,2,1,1,0
1.934,1,1,1,2,1,1,2,0
1.571,1,1,1,1,1,1,1,0
1.2,1,1,1,1,1,1,1,0
1.459,1,1,1,1,2,1,2,0
1.222,1,1,1,1,2,1,1,0
1.057,1,1,1,1,1,1,2,0
3.587,1,1,1,1,2,1,1,0
1.302,1,1,1,1,1,1,2,0
7.416,1,1,1,1,1,1,1,0
1.214,1,1,1,1,1,1,3,0
1.0,1,1,1,1,1,1,1,0
5.802,1,1,1,1,1,1,1,0
1.0,1,1,1,1,1,1,1,0
1.0,1,1,1,1,1,1,2,0
5.016,1,1,1,1,1,1,1,0
5.397,1,1,1,1,1,1,2,0
1.333,1,1,1,1,1,1,1,0
1.076,1,1,1,1,1,1,1,0
1.419,1,1,1,1,1,2,1,0
1.0,1,1,1,1,1,1,1,0
1.0,1,1,1,1,1,1,1,0
1.0,1,1,2,1,1,1,1,0
1.142,1,1,1,1,1,1,1,0
3.714,1,2,1,1,1,2,2,0
1.505,1,1,1,1,2,1,1,0
2.655,1,1,1,1,1,1,2,0
1.0,1,1,1,1,1,1,1,0
2.193,1,1,1,1,1,1,2,0
2.043,1,1,1,1,2,1,2,0
1.442,1,2,1,1,2,1,1,0
1.425,1,1,1,1,2,1,3,0
1.0,1,1,1,1,1,1,2,0
1.296,1,1,1,1,1,1,2,0
1.238,1,1,1,1,2,1,1,0
1.541,1,1,1,2,2,1,1,0
3.533,1,1,1,1,2,1,1,0
2.928,1,1,1,2,1,1,3,0
8.761,1,1,1,2,1,1,1,0
2.535,1,1,1,1,1,1,1,0
1.0,1,1,1,1,1,1,3,0
2.944,1,1,1,1,1,1,1,0
6.09,1,1,1,1,2,1,1,0
6.09,1,1,1,1,2,1,1,0
1.625,1,1,1,1,1,1,1,0
1.0,1,1,1,1,1,1,1,0
1.562,1,1,1,1,1,1,2,0
1.08,1,1,1,1,1,1,2,0
1.797,1,1,1,1,2,1,1,0
1.0,1,1,1,1,1,1,1,0
1.405,2,1,1,2,2,1,1,0
1.0,1,1,1,1,1,1,1,0
1.11,1,1,1,1,1,1,1,0
1.0,1,1,1,1,1,1,1,0
1.329,1,1,1,1,1,1,1,0
5.689,1,1,1,1,1,1,2,0
1.0,1,1,1,1,1,1,1,0
1.967,1,1,1,1,1,1,1,0
1.0,1,1,1,1,1,1,3,0
1.0,1,1,1,1,1,1,1,0
1.0,1,1,1,1,1,1,1,0
1.166,1,1,1,1,1,1,2,0
1.366,1,1,1,1,1,1,2,0
1.391,1,1,1,1,1,1,2,0
2.125,1,1,1,1,1,1,1,0
2.0,1,1,1,2,1,1,2,0
3.367,1,1,1,2,2,1,1,0
1.687,1,1,1,1,1,1,3,0
1.214,1,1,1,1,1,1,1,0
1.75,1,1,1,1,1,1,1,0
1.0,1,1,1,1,1,1,1,0
2.166,1,1,1,2,1,2,2,0
1.518,1,1,1,1,1,1,2,0
4.5,1,1,1,1,1,1,3,0
4.13,1,1,2,1,1,1,1,0
3.0,1,1,2,1,1,1,1,0
2.285,1,1,1,1,1,2,1,0
1.0,1,1,1,1,1,1,1,0
3.904,1,1,1,1,2,1,1,0
1.0,1,1,1,1,1,1,3,0
1.608,1,1,1,1,1,1,2,0
1.0,1,1,1,1,1,1,3,0
2.181,1,1,1,1,1,2,1,0
2.05,1,1,1,1,2,1,1,0
1.462,1,1,1,1,2,1,3,0
1.488,1,1,1,1,1,1,3,0
1.571,1,1,1,1,1,1,1,0
1.409,1,1,1,1,2,1,3,0
2.178,1,1,1,1,1,1,2,0
6.137,1,1,1,1,1,1,2,0
1.065,1,1,1,1,1,1,2,0
10.0,1,1,1,2,1,1,1,0
1.702,1,1,1,1,1,1,2,0
1.966,1,1,1,2,1,1,1,0
1.032,1,1,1,2,1,1,1,0
2.074,1,1,1,1,1,1,1,0
1.576,1,1,1,1,1,1,3,0
1.542,1,1,2,1,1,2,2,0
1.769,1,1,1,1,1,1,1,0
1.0,1,1,1,1,1,1,1,0
1.7,1,1,1,1,1,1,2,0
1.653,1,1,1,1,1,1,2,0
1.684,1,1,1,2,1,1,1,0
1.0,1,1,1,1,1,1,1,0
4.75,1,1,1,2,1,1,1,0
3.891,1,1,1,2,1,1,1,0
5.153,1,1,1,2,1,1,1,0
1.792,1,1,1,2,2,1,3,0
1.0,1,1,1,1,1,1,1,0
8.117,1,1,1,2,1,1,1,0
5.263,1,1,1,2,1,1,1,0
3.659,1,1,1,2,1,1,3,0
4.757,1,1,1,2,1,1,2,0
2.587,1,1,1,2,1,1,2,0
2.587,1,1,1,2,1,1,2,0
1.292,1,1,1,1,2,1,1,0
2.587,1,1,1,2,1,1,2,0
5.277,1,1,1,2,1,1,3,0
7.046,1,1,1,2,1,1,1,0
2.97,1,1,1,2,1,1,2,0
1.428,1,1,1,1,1,1,1,0
1.866,1,1,1,1,1,1,2,0
1.551,1,1,1,1,1,1,2,0
13.333,1,1,1,1,1,1,1,0
1.0,1,1,1,1,1,1,1,0
1.0,1,1,1,1,1,1,3,0
1.6,1,1,1,1,1,1,1,0
1.3,1,1,1,1,1,1,1,0
1.666,1,1,1,1,1,1,3,0
3.0,1,1,1,1,1,1,1,0
1.75,1,1,1,1,1,1,1,0
1.115,1,1,1,1,1,1,2,0
1.826,1,1,1,1,1,1,2,0
1.0,1,1,1,1,1,1,3,0
1.437,1,1,2,1,1,2,2,0
2.933,1,1,1,1,1,1,2,0
3.441,1,2,1,1,2,1,1,0
4.696,1,1,1,1,1,1,1,0
2.652,1,1,1,1,1,1,1,0
6.0,1,1,1,2,1,1,2,0
1.626,1,1,1,2,1,1,3,0
1.0,1,1,1,1,1,1,1,0
3.0,1,1,1,1,1,1,1,0
3.176,1,1,1,1,1,1,1,0
1.27,1,1,1,1,2,1,1,0
2.071,1,1,1,1,1,1,1,0
1.875,1,1,1,1,1,1,1,0
3.222,1,1,1,1,1,1,3,0
3.125,1,1,1,1,1,1,1,0
3.121,1,1,1,1,1,1,3,0
3.043,1,1,1,1,1,1,1,0
2.769,1,1,1,1,1,1,1,0
2.603,1,1,1,1,1,1,1,0
3.387,1,1,1,1,1,1,1,0
1.0,1,1,1,1,1,1,1,0
1.681,1,1,1,1,1,1,2,0
2.166,1,1,1,1,1,1,2,0
2.284,1,1,1,1,1,1,1,0
1.0,1,1,1,1,1,1,1,0
2.484,1,1,1,1,1,1,2,0
1.719,1,1,1,1,1,1,1,0
1.555,1,1,1,1,1,1,1,0
1.153,1,1,1,1,1,1,1,0
1.666,1,1,1,1,2,1,1,0
1.75,1,1,1,1,1,1,1,0
1.117,1,1,1,1,1,1,1,0
1.0,1,1,1,1,1,1,1,0
1.375,1,1,1,1,1,1,1,0
5.333,1,1,1,1,1,1,1,0
1.687,1,1,1,1,1,1,1,0
1.0,1,1,1,1,1,1,1,0
1.47,1,1,1,1,1,1,1,0
2.0,1,1,1,1,1,1,1,0
1.292,1,1,1,2,1,1,1,0
1.0,1,1,1,1,1,1,1,0
2.272,1,1,1,1,1,1,1,0
1.666,1,1,1,1,1,1,1,0
1.911,1,1,1,2,1,1,1,0
1.25,1,1,1,1,1,1,1,0
2.333,1,1,1,1,1,1,1,0
1.714,1,1,1,1,1,1,1,0
1.166,1,1,1,1,1,1,1,0
2.0,1,1,1,1,1,1,1,0
1.228,1,1,1,1,1,1,2,0
3.333,1,1,1,1,1,1,1,0
2.0,1,1,1,1,1,1,1,0
1.271,1,1,1,1,1,1,2,0
1.189,1,1,1,1,2,1,1,0
1.0,1,1,1,1,1,1,1,0
1.318,1,1,1,1,1,1,1,0
1.2,1,1,1,1,1,1,1,0
1.333,1,1,1,1,1,1,1,0
1.512,1,1,1,1,2,1,1,0
1.024,1,1,1,1,2,1,1,0
1.617,1,1,1,1,1,1,1,0
1.136,1,1,1,1,1,1,1,0
1.0,1,1,1,1,2,1,1,0
1.225,1,1,1,2,1,1,1,0
1.256,1,1,1,2,2,1,1,0
1.0,1,1,1,1,1,1,1,0
1.72,1,1,1,1,1,1,1,0
1.372,1,1,2,1,1,1,1,0
1.266,1,1,1,1,1,1,1,0
1.666,1,1,1,1,1,1,1,0
1.5,1,1,1,1,1,1,1,0
1.272,1,1,1,1,1,2,1,0
1.0,1,1,1,1,2,1,1,0
2.468,1,1,1,2,1,1,1,0
1.285,1,1,1,1,2,1,1,0
1.0,1,1,1,1,1,1,3,0
1.727,1,1,1,1,1,1,1,0
1.142,1,1,1,1,1,1,1,0
1.25,1,1,1,1,1,1,2,0
1.971,1,2,1,2,2,1,2,1
5.659,2,1,2,2,2,1,3,1
1.32,2,1,1,1,2,1,3,1
2.569,2,1,1,1,2,1,2,1
2.565,2,1,1,1,2,1,2,1
2.687,2,1,2,2,2,1,1,1
4.142,1,1,1,2,2,1,3,1
3.851,1,1,1,2,2,1,3,1
4.0,1,1,1,2,2,1,3,1
5.301,1,1,2,1,2,1,3,1
5.891,2,2,2,2,1,2,2,1
3.254,2,2,1,2,1,2,3,1
3.642,1,1,1,1,1,1,1,1
1.411,2,1,1,2,2,1,1,1
72.5,2,1,1,1,2,1,3,1
26.5,1,2,1,2,1,1,3,1
2.325,1,1,1,1,1,1,2,1
3.675,1,2,2,2,2,2,3,1
5.038,2,1,2,2,1,1,2,1
1.525,1,2,1,2,1,1,3,1
1.775,1,1,2,2,2,1,1,1
4.974,2,1,1,2,2,2,3,1
2.676,2,2,1,1,1,1,1,1
3.166,1,1,2,2,1,2,3,1
10.068,1,2,1,2,1,1,3,1
5.5,1,1,1,1,1,1,3,1
6.166,2,1,1,1,1,1,1,1
1.285,2,1,1,2,1,1,3,1
3.836,2,1,1,1,2,2,1,1
1.238,1,1,1,1,2,1,1,1
4.875,2,1,1,2,2,2,3,1
2.379,1,1,2,1,1,2,1,1
3.416,1,1,1,1,2,2,1,1
32.142,1,2,2,2,1,2,3,1
2.36,1,1,1,2,2,1,3,1
1.891,2,2,1,1,2,2,2,1
2.128,1,1,1,2,2,2,2,1
3.272,2,1,1,1,1,2,3,1
3.272,2,1,1,1,1,2,3,1
5.428,1,2,2,2,2,2,2,1
5.133,2,1,1,1,2,1,3,1
5.571,2,1,1,2,2,1,2,1
7.313,1,1,1,1,2,2,1,1
3.121,1,1,1,2,2,1,2,1
3.131,2,1,1,2,1,1,1,1
2.179,1,2,1,1,1,1,3,1
2.428,1,1,2,2,2,2,3,1
4.0,2,1,1,2,2,1,2,1
1.416,2,2,1,2,2,1,1,1
3.215,1,1,2,1,2,1,3,1
4.07,2,2,1,1,2,1,1,1
5.323,2,2,1,2,2,2,3,1
3.891,2,1,2,1,2,1,3,1
3.173,1,1,2,1,2,1,3,1
3.314,2,2,2,1,1,2,2,1
29.125,2,1,1,1,1,2,2,1
5.454,2,2,1,2,2,2,3,1
2.111,1,1,1,1,2,1,1,1
3.315,1,2,1,2,2,2,3,1
1.895,2,2,2,2,2,1,2,1
2.689,2,1,2,2,2,1,3,1
1.537,2,1,2,2,2,2,1,1
3.105,1,2,1,1,2,2,2,1
2.338,1,1,1,2,2,1,3,1
1.543,1,1,1,1,2,1,1,1
173.0,2,1,2,2,1,2,3,1
15.08,2,1,1,1,2,1,3,1
7.258,1,1,2,2,2,2,2,1
2.6,1,2,1,1,1,1,3,1
5.423,2,1,1,2,2,2,3,1
5.607,1,1,1,1,1,2,3,1
12.055,1,1,1,1,2,1,3,1
1.741,1,2,1,2,2,1,1,1
3.257,1,1,1,2,1,2,2,1
2.962,1,1,2,1,1,2,2,1
2.962,1,1,2,1,1,2,2,1
3.181,1,1,1,1,2,2,1,1
16.217,2,1,1,1,2,1,3,1
4.979,2,1,1,2,2,2,3,1
3.946,2,1,2,2,2,2,3,1
1.733,2,2,1,1,2,2,1,1
24.785,2,1,1,2,1,2,3,1
5.392,2,1,2,2,2,2,2,1
1.862,2,1,2,1,2,1,3,1
2.345,1,2,1,2,2,2,3,1
1.888,2,1,1,1,2,1,1,1
2.333,2,2,1,2,2,2,3,1
1.494,2,1,2,2,2,2,1,1
5.289,2,1,1,2,2,2,3,1
1.74,2,2,1,1,2,2,1,1
2.576,2,1,1,2,2,1,2,1
2.623,1,1,2,1,1,2,2,1
1.494,2,1,2,2,2,2,1,1
1.266,1,1,1,1,1,1,1,1
4.617,1,1,1,1,1,1,3,1
2.538,2,2,2,1,2,2,2,1
3.343,1,1,1,2,1,2,2,1
5.538,1,1,1,2,1,2,2,1
2.458,2,2,1,2,2,2,3,1
2.217,1,1,1,1,1,1,1,1
4.5,1,1,2,1,1,2,1,1
3.922,1,1,1,1,1,1,2,1
1.0,1,1,1,1,2,1,1,1
1.494,2,1,2,2,2,2,1,1
2.527,1,1,1,1,2,2,3,1
1102.5,1,1,2,1,1,2,3,1
2.346,2,1,1,2,2,1,2,1
3.317,1,1,1,1,2,1,2,1
6.11,1,2,2,2,2,2,2,1
3.388,2,1,1,2,2,1,2,1
1.541,1,2,1,1,2,1,1,1
1.428,1,1,1,2,2,1,3,1
5.456,2,1,1,2,2,2,3,1
1.748,1,2,1,1,2,2,1,1
11.32,1,2,1,1,2,2,2,1
3.545,1,1,1,1,1,2,2,1
5.558,2,1,2,1,1,1,2,1
2.09,1,1,1,2,2,1,1,1
4.896,2,1,2,2,2,2,2,1
2.17,1,1,2,2,2,1,2,1
3.168,1,1,1,1,2,2,3,1
7.484,2,2,1,2,2,2,2,1
6.3,1,1,1,1,2,1,2,1
3.737,1,1,1,2,1,2,3,1
2.559,1,1,2,2,2,2,2,1
2.441,2,2,1,1,2,2,3,1
3.417,1,1,1,1,2,1,3,1
1.246,2,1,1,1,2,1,1,1
3.454,1,1,2,1,1,2,3,1
1.21,1,1,1,1,1,1,3,1
2.411,1,1,1,1,1,2,1,1
3.39,1,1,1,2,2,1,3,1
1.974,2,2,1,2,2,2,1,1
8.517,2,1,1,1,2,1,2,1
4.476,2,1,1,1,1,1,2,1
20.0,1,1,1,1,1,1,3,1
1.2,1,1,1,2,2,1,1,1
7.273,2,1,2,1,1,1,2,1
5.833,1,1,1,2,2,1,3,1
2.166,1,1,1,1,1,1,3,1
3.95,1,2,1,1,1,2,2,1
2.666,1,1,1,1,1,1,3,1
1.348,1,1,1,1,2,1,2,1
3.716,2,1,2,2,2,1,3,1
1.901,2,2,1,1,1,1,1,1
5.16,1,1,1,1,2,1,3,1
7.484,2,2,1,2,2,2,2,1
8.033,2,1,1,1,2,1,2,1
4.066,1,1,1,1,1,2,3,1
1.672,1,1,2,2,1,2,2,1
5.322,1,2,1,1,2,2,1,1
4.053,1,1,1,2,2,1,2,1
3.414,1,2,1,1,2,2,2,1
5.87,1,1,1,2,2,2,3,1
5.086,1,1,2,1,1,2,1,1
5.038,1,2,1,1,2,2,1,1
19.234,1,2,2,1,2,1,3,1
1.954,1,1,1,1,1,1,2,1
1.8,1,1,1,1,1,2,3,1
2.686,1,1,2,1,1,2,2,1
2.686,1,1,2,1,1,2,2,1
1.948,2,1,1,1,2,2,2,1
2.104,2,2,1,1,2,1,1,1
2.782,2,1,2,1,1,1,3,1
9.25,2,1,1,2,1,1,2,1
1.42,1,1,2,1,2,2,1,1
2.571,1,1,2,1,2,2,1,1
2.333,1,1,2,1,1,1,1,1
1.0,2,1,1,1,1,1,3,1
2.133,1,1,1,1,2,1,2,1
3.979,1,1,2,1,2,1,3,1
4.111,1,1,2,2,2,1,1,1
1.752,2,1,2,2,2,2,1,1
1.68,2,1,1,2,2,1,2,1
2.35,2,1,1,2,1,1,2,1
4.2,2,1,1,2,2,1,2,1
6.652,2,1,2,2,1,2,3,1
4.745,2,1,2,1,2,2,3,1
6.652,2,1,2,2,1,2,3,1
27.479,1,1,1,1,2,1,1,1
2.438,2,1,2,2,2,2,1,1
2.818,1,1,1,2,1,1,3,1
9.827,1,2,2,1,2,2,2,1
2.307,1,1,1,1,1,1,1,1
2.466,2,1,1,2,2,2,1,1
2.818,2,1,2,1,1,1,3,1
2.678,2,2,2,1,1,2,3,1
2.322,1,1,2,2,1,1,2,1
3.771,1,2,1,1,2,1,2,1
2.606,1,1,2,2,2,2,2,1
2.307,1,1,1,1,1,1,1,1
2.769,1,1,1,1,1,1,1,1
2.692,1,1,1,1,1,1,1,1
3.932,1,1,1,2,2,1,3,1
4.225,1,1,2,2,2,2,2,1
2.403,2,2,1,1,2,2,3,1
3.0,1,1,2,2,1,2,3,1
140.0,2,1,1,1,1,2,3,1
5.25,2,1,1,1,1,1,3,1
6.611,1,1,1,1,2,1,3,1
5.938,2,1,1,1,2,1,2,1
3.902,2,1,1,1,1,1,3,1
5.415,2,1,1,1,2,1,3,1
4.596,2,1,2,1,2,1,2,1
1.661,1,1,1,2,2,1,1,1
2.522,1,2,1,2,2,2,3,1
3.173,2,1,2,1,2,2,3,1
16.587,1,1,1,1,2,1,1,1
1.456,1,1,1,1,1,1,1,1
2.886,2,1,1,1,2,2,1,1
4.829,2,2,2,1,2,2,3,1
17.481,1,1,1,1,1,1,1,1
26.405,2,2,1,1,2,2,2,1
2.922,2,1,1,2,2,2,2,1
3.8,1,2,1,2,1,2,2,1
1.74,1,1,1,1,2,1,2,1
8.523,2,2,1,1,2,2,2,1
3.285,1,2,1,2,1,1,3,1
1.968,1,1,1,2,2,1,1,1
9.269,2,1,1,1,2,1,1,1
1.728,2,1,1,1,2,1,1,1
2.0,2,1,2,1,2,2,1,1
4.754,2,1,2,1,2,2,3,1
2.061,2,1,1,2,2,1,2,1
11.066,1,1,1,1,2,1,1,1
10.533,1,1,1,1,2,1,1,1
2.787,2,1,2,1,2,1,2,1
1.388,1,1,1,2,2,1,1,1
2.632,2,2,1,2,2,2,1,1
2.373,2,2,1,1,2,1,1,1
8.323,2,2,1,1,2,2,2,1
1.79,1,2,1,1,2,2,1,1
1.98,2,2,1,1,2,2,1,1
1.987,2,2,1,1,2,2,1,1
3.816,1,2,1,1,2,1,2,1
3.065,2,2,1,1,2,2,2,1
2.153,1,1,1,1,2,1,1,1
2.232,1,2,2,1,1,2,2,1
3.429,2,1,2,1,2,1,2,1
7.55,2,2,1,2,2,2,3,1
443.666,1,1,1,1,2,2,3,1
7.025,2,2,1,1,2,2,1,1
443.333,1,1,1,1,2,2,3,1
3.048,2,1,1,2,1,1,1,1
8.476,2,1,1,2,1,1,3,1
3.048,2,1,1,2,1,1,1,1
9.705,1,2,2,1,2,2,3,1
5.241,2,1,2,1,2,2,3,1
1.688,2,1,2,2,2,2,1,1
6.275,2,1,1,1,1,1,3,1
1.8,2,1,1,1,1,1,1,1
4.742,2,2,2,1,2,2,2,1
105.8,1,1,1,1,2,2,3,1
7.439,2,2,2,1,2,2,2,1
4.066,1,1,1,1,1,2,3,1
5.985,1,1,2,2,2,2,3,1
3.337,2,1,1,2,2,2,3,1
1.0,1,1,1,1,1,1,1,1
57.23,1,1,1,2,2,2,3,1
2.9,1,1,1,1,1,1,3,1
11.685,2,2,1,2,2,1,3,1
2.309,1,1,2,2,1,2,3,1
4.5,1,1,2,1,1,2,1,1
4.5,1,1,2,1,1,2,1,1
1.434,2,1,1,1,1,2,3,1
1.428,2,1,1,1,2,1,2,1
2.847,1,1,2,2,2,2,2,1
9.584,2,1,1,2,1,1,2,1
2.888,2,1,1,2,1,1,3,1
3.809,1,1,1,1,1,2,2,1
7.983,2,1,1,1,2,1,2,1
6.186,1,2,2,2,2,2,2,1
2.75,2,1,1,2,1,1,3,1
295.0,1,1,1,1,2,1,3,1
2.588,1,1,1,1,2,1,1,1
2.588,1,1,1,1,2,1,1,1
5.403,2,1,2,2,2,1,2,1
1.494,2,1,2,2,2,2,1,1
7.497,2,2,1,2,2,2,3,1
10.692,2,1,1,2,2,1,1,1
10.692,2,1,1,2,2,1,1,1
2.195,1,1,2,2,2,1,2,1
8.271,1,1,1,1,1,1,2,1
2.333,2,1,1,1,2,1,1,1
11.735,1,1,1,2,2,2,3,1
2.34,1,1,1,1,1,1,2,1
11.066,1,1,1,1,2,1,2,1
8.55,2,2,1,1,2,2,3,1
12.904,1,1,1,2,1,2,3,1
15.892,2,1,1,2,2,1,2,1
15.892,2,1,1,2,2,1,2,1
4.818,1,1,2,1,1,2,1,1
5.918,2,2,1,1,2,2,3,1
1.773,2,1,1,1,2,1,2,1
1.792,2,1,1,1,2,1,2,1
5.96,1,1,1,1,2,2,3,1
2.794,1,1,1,2,2,2,3,1
1.818,2,2,1,1,2,2,1,1
5.582,1,1,1,1,1,1,3,1
8.666,1,1,2,2,1,2,3,1
2.9,1,1,1,1,1,1,3,1
2.021,2,2,2,2,2,1,2,1
19.482,2,1,1,1,2,1,2,1
1.694,2,1,1,1,2,1,3,1
4.818,1,1,2,1,1,2,1,1
4.793,2,1,1,1,2,2,1,1
2.086,1,1,1,1,2,1,3,1
5.607,1,1,1,1,1,2,3,1
5.781,1,1,2,1,2,2,3,1
1.794,2,2,1,1,2,2,1,1
1.515,2,1,2,2,2,2,1,1
11.714,2,1,1,2,1,2,1,1
7.4,1,1,2,2,2,2,2,1
1.515,2,1,2,2,2,2,1,1
3.282,2,2,2,1,1,2,2,1
2.704,2,1,2,2,1,1,2,1
29.125,2,1,1,1,1,2,2,1
86.7,2,2,2,2,2,2,3,1
2.622,1,1,1,2,2,2,3,1
6.833,2,2,2,2,2,2,3,1
2.2,1,1,1,2,1,1,3,1
6.137,2,1,1,1,2,1,2,1
1.738,1,1,2,2,2,2,1,1
1.437,1,1,2,1,2,1,2,1
6.723,2,2,2,2,1,2,2,1
1.752,1,1,2,2,2,2,1,1
2.336,1,2,2,2,2,2,1,1
1.421,1,1,1,1,1,1,2,1
2.062,2,1,2,2,2,1,2,1
2.062,2,1,2,2,2,1,2,1
7.478,2,2,2,2,1,2,3,1
7.478,2,2,2,2,1,2,3,1
104.666,2,1,1,1,2,1,3,1
5.928,2,2,2,1,1,2,2,1
5.0,2,1,1,1,2,1,3,1
4.761,2,1,1,2,2,2,3,1
5.598,1,1,2,2,2,2,3,1
1.844,2,1,1,2,2,1,1,1
5.809,1,1,1,2,2,1,2,1
1.379,2,1,1,2,1,1,3,1
2.349,2,2,1,1,1,2,3,1
1.82,2,2,2,2,2,1,3,1
6.166,2,1,2,1,2,2,3,1
4.75,1,1,2,2,2,2,3,1
5.105,2,1,1,2,2,2,3,1
5.328,2,2,2,2,1,2,2,1
1.377,1,1,1,1,2,1,3,1
5.488,1,2,1,1,2,2,3,1
2.689,2,1,1,1,1,1,2,1
6.073,2,2,2,2,1,2,2,1
1.392,1,1,1,1,2,1,3,1
4.652,1,1,1,1,2,1,3,1
2.039,1,1,1,1,2,1,1,1
1.335,1,1,2,1,2,1,3,1
4.42,2,2,2,2,2,1,3,1
4.941,2,1,1,1,1,1,2,1
2.413,1,2,1,1,2,2,3,1
2.413,1,2,1,1,2,2,3,1
2.413,1,2,1,1,2,2,3,1
8.55,2,2,1,1,2,2,3,1
6.0,1,1,1,1,2,1,3,1
6.937,2,1,2,1,2,2,2,1
2.366,1,2,1,1,2,2,2,1
12.064,1,2,2,1,1,2,3,1
3.925,2,1,1,2,2,1,1,1
3.418,1,1,1,1,2,2,2,1
14.283,1,2,2,1,1,2,3,1
4.965,2,1,2,1,2,2,2,1
5.838,1,1,1,1,2,2,3,1
3.965,1,1,1,1,1,1,2,1
3.625,1,2,2,2,2,2,2,1
6.395,2,2,2,2,2,2,2,1
7.205,2,1,1,2,1,2,3,1
2.5,2,1,1,2,2,1,2,1
3.706,1,1,1,1,2,1,3,1
2.11,1,1,2,1,1,1,1,1
2.484,1,1,2,2,2,2,1,1
6.652,2,1,2,2,1,2,3,1
4.111,1,1,2,2,2,1,1,1
4.333,1,1,2,1,1,1,1,1
7.233,1,1,1,1,2,2,2,1
16.418,1,1,2,1,1,1,1,1
3.705,1,2,2,2,2,2,2,1
5.666,1,1,2,2,2,1,2,1
6.718,1,1,1,1,2,1,1,1
8.026,2,2,2,2,2,2,3,1
7.484,2,2,1,2,2,2,3,1
5.792,1,1,1,1,2,2,3,1
4.166,1,2,1,2,2,1,1,1
6.612,1,1,1,2,2,1,3,1
4.833,1,2,1,2,1,1,3,1
2.166,1,1,1,1,1,1,3,1
2.036,2,1,1,2,1,1,1,1
5.166,1,1,1,1,1,2,3,1
13.82,2,1,1,2,2,1,2,1
5.783,2,2,2,1,1,2,2,1
1.0,1,1,1,2,1,1,3,1
1.357,2,1,2,1,1,1,2,1
4.259,2,1,1,1,1,1,1,1
4.586,1,1,1,2,2,1,3,1
3.192,1,2,2,2,2,2,1,1
36.642,2,2,1,1,2,2,3,1
9.781,1,1,1,2,2,2,3,1
3.333,1,1,1,1,1,1,3,1
6.11,1,2,2,2,2,2,2,1
3.066,1,1,2,2,1,1,3,1
8.0,1,1,1,2,1,1,3,1
3.782,1,1,1,2,1,1,3,1
1.727,1,1,1,1,2,2,1,1
17.074,1,1,1,1,2,2,2,1
2.666,1,2,2,2,1,2,3,1
9.601,1,1,2,2,2,1,2,1
3.629,1,1,2,1,2,2,2,1
4.215,2,1,2,2,2,1,2,1
4.022,1,1,1,2,2,1,3,1
7.059,1,1,1,2,1,2,3,1
2.934,2,1,1,1,2,1,1,1
4.653,1,2,1,2,2,2,3,1
5.228,2,2,1,2,2,2,3,1
3.272,1,1,1,1,1,2,1,1
9.727,1,1,1,2,1,2,3,1
5.019,1,2,1,2,1,1,2,1
6.266,1,1,1,2,1,2,2,1
1.333,1,1,1,2,2,1,1,1
1.25,1,1,2,2,2,1,3,1
1.333,1,1,1,2,2,1,1,1
4.049,2,2,1,1,2,1,1,1
11.793,1,1,2,1,2,2,2,1
5.114,1,1,2,1,2,1,3,1
2.111,1,1,1,1,1,1,3,1
7.666,1,1,1,2,1,1,1,1
4.823,1,1,1,1,1,1,3,1
5.225,1,1,1,1,1,1,1,1
3.28,1,1,1,2,2,1,3,1
3.361,2,1,1,2,2,2,1,1
3.8,1,1,1,2,1,1,3,1
6.725,2,2,1,2,2,2,2,1
1.42,1,1,2,1,2,1,2,1
5.0,1,1,2,2,1,1,3,1
4.031,2,1,1,1,2,1,1,1
4.512,1,1,2,2,1,2,2,1
3.28,1,1,1,2,2,1,3,1
2.591,1,1,1,1,1,1,3,1
2.073,1,1,1,1,2,1,1,1
2.101,1,1,1,2,2,1,1,1
1.938,1,1,1,1,1,1,1,1
2.666,1,2,2,2,1,2,3,1
8.0,1,1,1,2,1,1,3,1
10.877,1,1,1,1,2,2,3,1
2.376,1,1,1,1,2,1,1,1
4.195,2,1,2,1,2,2,3,1
3.697,1,2,2,2,1,2,3,1
1.275,1,1,1,1,1,1,1,1
4.391,1,1,1,2,2,2,3,1
9.1,1,1,2,2,2,2,3,1
1.216,1,1,1,1,1,1,1,1
4.319,1,1,2,2,2,1,3,1
8.016,2,2,2,1,2,2,2,1
4.493,2,2,2,1,2,2,2,1
2.446,2,2,1,1,2,2,3,1
1.861,1,1,1,2,2,1,2,1
4.971,2,1,1,2,2,1,1,1
2.675,1,1,1,1,1,1,1,1
3.23,1,1,1,1,1,1,1,1
2.468,1,1,2,2,2,1,3,1
2.333,1,1,1,1,2,1,2,1
3.275,1,1,1,2,2,1,3,1
5.944,1,1,1,1,2,2,3,1
6.641,1,2,2,2,2,2,2,1
2.166,2,1,1,1,2,1,1,1
2.055,1,1,1,1,2,1,3,1
5.145,2,1,2,1,2,1,1,1
3.591,2,1,2,2,2,2,2,1
4.123,1,2,2,1,2,2,3,1
2.5,1,1,1,2,1,2,2,1
2.687,1,1,1,2,1,2,2,1
2.3,1,2,1,2,2,2,3,1
6.588,2,1,1,1,2,2,1,1
1.083,1,1,1,1,2,1,2,1
7.836,1,1,1,1,2,2,3,1
2.157,1,2,1,2,1,2,3,1
5.635,2,1,1,2,2,1,1,1
4.0,2,1,1,2,2,1,1,1
4.157,1,1,1,1,1,1,3,1
2.973,2,1,1,1,2,1,3,1
3.025,2,1,1,2,2,1,3,1
4.32,2,1,2,1,2,2,3,1
2.157,1,2,1,2,1,2,3,1
1.227,2,1,1,1,1,1,1,1
4.909,2,1,1,1,1,1,1,1
239.571,1,1,1,1,1,2,3,1
3.186,2,1,2,1,2,2,3,1
1.946,2,1,1,2,2,1,1,1
3.211,2,1,2,2,2,2,1,1
6.142,2,2,2,2,2,2,2,1
2.162,2,1,1,1,2,1,2,1
5.21,1,1,1,2,1,1,3,1
1.94,2,1,2,2,2,1,2,1
1.333,1,1,1,1,1,1,1,1
8.08,2,1,2,2,2,2,3,1
4.685,2,2,2,2,1,2,3,1
3.621,1,1,1,1,2,1,3,1
2.409,1,2,1,2,1,2,3,1
2.0,2,1,1,1,1,1,2,1
6.268,2,1,1,2,2,1,2,1
44.72,2,1,2,2,2,2,2,1
2.256,1,1,2,2,2,1,3,1
3.761,1,1,1,1,1,2,2,1
2.232,1,2,2,1,1,2,2,1
8.55,2,2,1,1,2,2,3,1
2.6,1,1,1,2,1,1,1,1
2.74,2,2,2,1,1,2,3,1
4.391,2,1,1,1,2,1,1,1
3.446,1,1,1,2,1,1,3,1
3.482,1,1,1,1,1,1,1,0
3.571,1,1,1,1,1,1,1,0
1.75,1,1,1,1,1,1,2,0
2.324,1,1,1,1,1,1,1,0
2.38,1,1,1,1,1,1,1,0
2.0,1,1,1,1,1,1,3,0
2.215,1,1,1,1,2,1,1,0
1.873,1,1,2,2,2,1,1,0
1.0,1,1,1,1,1,1,1,0
1.909,1,1,1,1,1,1,1,0
1.689,1,1,1,1,1,1,2,0
1.437,1,1,1,1,1,1,1,0
3.125,1,1,1,1,1,1,1,0
2.848,1,1,1,1,1,1,1,0
3.195,1,1,1,1,1,1,1,0
1.952,1,1,1,1,1,1,1,0
5.5,1,1,1,1,1,1,1,0
1.571,1,1,1,1,1,1,1,0
1.0,1,1,1,1,1,1,3,0
1.187,1,1,1,1,1,1,3,0
2.0,1,1,1,1,1,1,1,0
4.771,1,1,1,1,2,1,1,0
1.212,1,1,1,1,2,1,1,0
1.6,1,1,1,1,1,1,1,0
2.924,1,1,1,1,2,1,1,0
1.705,1,1,1,1,2,1,1,0
2.448,1,1,1,1,1,1,1,0
1.958,1,1,1,1,1,1,1,0
2.721,1,1,1,1,1,1,1,0
1.696,1,1,1,1,2,1,1,0
5.5,1,1,1,1,1,1,1,0
1.0,1,1,1,1,1,1,1,0
5.5,1,1,1,1,1,1,1,0
1.062,1,1,1,1,2,1,1,0
1.666,1,1,1,1,1,1,1,0
1.89,1,1,1,1,1,1,1,0
5.5,1,1,1,1,1,1,1,0
2.593,1,1,1,2,1,1,1,0
2.145,1,1,1,1,1,1,1,0
2.239,1,1,1,1,1,1,1,0
1.945,1,1,2,1,1,2,2,0
2.058,1,1,1,1,1,1,1,0
2.533,1,1,1,1,1,1,1,0
7.588,1,1,1,1,1,2,2,0
3.414,1,1,1,1,1,1,1,0
2.925,1,1,1,1,1,1,2,0
2.887,1,1,1,1,2,1,1,0
2.307,1,1,1,1,1,1,1,0
1.0,1,1,1,1,1,1,1,0
2.285,1,1,1,1,1,1,3,0
18.0,1,1,1,1,1,1,1,0
2.165,1,1,1,1,2,1,1,0
2.95,1,1,1,1,1,1,1,0
1.533,1,1,1,1,1,1,2,0
1.5,1,1,1,1,1,1,1,0
8.125,1,1,1,1,1,1,1,0
5.375,1,1,1,1,2,1,2,0
7.0,1,1,1,1,1,1,1,0
1.23,1,1,1,1,1,1,2,0
2.562,1,1,2,1,1,2,1,0
1.2,1,1,1,1,1,1,1,0
1.125,1,1,1,1,1,1,1,0
3.016,1,1,1,1,1,2,1,0
1.166,1,1,1,1,2,1,1,0
1.554,1,1,1,1,1,1,1,0
2.0,1,1,1,1,1,1,1,0
1.535,1,1,1,1,1,1,2,0
3.338,1,1,1,1,2,1,2,0
1.666,1,1,1,1,1,1,1,0
1.25,1,1,1,1,1,1,1,0
1.673,1,1,1,1,2,1,1,0
1.857,1,1,1,1,1,1,2,0
25.812,1,1,1,1,1,2,1,0
3.28,1,1,1,1,1,1,1,0
1.25,1,1,1,1,2,1,1,0
4.295,1,1,1,1,1,1,1,0
2.1,1,1,1,1,1,1,2,0
2.725,1,1,1,1,1,1,1,0
1.181,1,1,1,1,1,1,1,0
1.428,1,1,1,1,1,1,1,0
4.268,1,1,1,1,1,1,1,0
2.87,1,1,1,1,1,1,1,0
2.2,1,1,1,1,1,1,2,0
1.75,1,1,1,1,1,1,2,0
1.733,1,1,1,1,1,1,1,0
1.87,1,1,1,1,2,1,1,0
1.465,1,1,1,1,1,1,1,0
1.461,1,1,1,1,2,1,3,0
2.108,1,1,1,1,2,1,1,0
1.1,1,1,1,2,1,1,1,0
1.392,1,1,1,1,1,1,1,0
2.604,2,1,1,1,2,1,1,0
2.222,1,1,1,1,2,1,1,0
3.714,1,1,1,1,1,1,1,0
1.583,1,1,1,1,1,1,1,0
2.43,1,1,1,1,2,1,1,0
4.333,1,1,1,1,1,1,1,0
1.066,1,1,1,1,1,1,3,0
9.876,1,1,1,1,2,2,1,0
1.75,1,1,1,1,1,1,1,0
3.714,1,1,1,1,1,1,2,0
2.222,1,1,1,1,2,1,1,0
1.0,1,1,1,1,1,1,1,0
1.607,1,1,1,1,1,1,1,0
1.545,1,1,1,1,1,1,1,0
5.515,1,1,1,1,1,1,2,0
2.62,1,1,1,2,2,2,1,0
1.25,1,1,1,1,1,1,1,0
1.263,1,1,1,1,2,1,1,0
2.318,1,1,1,1,1,1,1,0
5.357,1,1,1,1,1,1,1,0
1.268,1,1,1,1,1,1,1,0
2.394,1,1,1,1,2,1,1,0
2.121,1,1,1,1,1,1,2,0
2.776,1,1,1,1,2,1,1,0
1.342,1,1,1,1,2,1,2,0
1.666,1,1,1,1,1,1,1,0
1.222,1,1,1,1,1,1,1,0
3.086,1,1,1,1,1,1,1,0
1.0,1,1,1,1,1,1,1,0
1.75,1,1,1,1,1,1,1,0
1.333,1,1,1,1,1,1,1,0
1.897,1,1,1,1,1,1,1,0
1.56,1,1,1,1,1,1,1,0
1.222,1,1,1,1,1,1,1,0
1.35,1,1,1,1,1,1,1,0
1.0,1,1,1,1,1,1,1,0
1.0,1,1,1,1,1,1,1,0
2.319,1,1,1,1,1,1,1,0
1.411,1,1,1,1,2,1,2,0
1.285,1,1,1,1,1,1,1,0
2.688,1,1,1,1,1,1,2,0
1.0,1,1,1,1,1,1,1,0
11.687,1,1,1,1,1,1,1,0
2.351,1,1,1,1,2,1,1,0
2.421,1,1,1,1,1,1,1,0
2.2,1,1,1,1,1,1,1,0
2.59,1,1,1,1,1,1,1,0
2.434,1,1,1,1,1,1,2,0
1.962,1,1,1,1,1,1,2,0
3.0,1,1,1,1,1,1,2,0
2.333,1,1,1,2,1,1,1,0
3.782,1,1,1,1,1,1,3,0
2.574,2,1,1,1,2,2,1,0
3.455,1,1,1,1,2,1,1,0
2.95,1,1,1,1,1,1,1,0
1.0,1,1,1,1,1,1,1,0
6.894,1,1,1,1,1,1,1,0
2.016,1,1,1,2,2,1,1,0
1.89,1,1,1,1,1,2,1,0
4.438,1,1,1,1,1,1,1,0
1.3,1,1,1,1,1,1,1,0
2.35,1,1,1,1,2,1,1,0
3.628,1,1,1,1,1,1,1,0
4.026,1,1,1,1,1,1,2,0
1.341,1,1,1,1,1,1,2,0
2.414,1,1,1,1,2,1,1,0
3.682,1,1,1,1,1,1,1,0
2.36,1,1,1,1,1,1,1,0
2.555,1,1,1,1,1,2,1,0
2.667,1,1,1,1,1,1,1,0
1.578,1,1,1,1,2,1,1,0
4.23,1,1,1,1,1,1,1,0
2.816,1,1,1,1,1,1,1,0
1.533,1,1,1,1,1,1,1,0
2.829,1,1,1,1,1,1,1,0
5.61,2,1,1,1,1,1,1,0
1.409,1,1,1,1,1,1,1,0
1.827,1,1,1,1,1,1,1,0
2.432,1,1,1,1,1,1,1,0
2.454,1,1,1,1,1,1,2,0
1.0,1,1,1,1,1,1,3,0
1.955,1,1,1,1,2,1,1,0
1.375,1,1,1,1,2,1,1,0
2.068,1,1,1,1,2,1,1,0
2.319,1,1,1,1,1,1,1,0
3.16,1,1,2,1,2,1,2,0
1.529,1,1,1,1,2,1,1,0
2.285,1,1,1,1,2,2,2,0
2.777,1,1,1,1,1,1,1,0
1.567,1,1,1,1,1,1,1,0
1.6,1,1,1,1,1,1,2,0
2.454,1,1,1,1,1,1,3,0
2.31,1,1,1,1,1,1,2,0
1.969,1,1,1,1,2,1,1,0
2.409,1,1,1,1,1,1,1,0
2.0,1,1,1,1,1,1,2,0
2.024,1,1,1,1,1,1,1,0
3.178,1,1,1,1,1,1,1,0
1.085,1,1,1,1,2,1,1,0
1.888,1,1,1,1,1,1,1,0
4.0,1,1,1,1,1,1,1,0
4.666,1,1,1,1,2,1,2,0
2.35,1,1,1,1,2,1,1,0
3.472,1,1,1,1,1,1,1,0
4.393,1,1,1,1,1,1,1,0
2.166,1,1,1,1,1,1,2,0
1.125,1,1,1,1,1,1,1,0
2.125,1,1,1,1,1,1,1,0
3.574,1,1,1,1,1,1,1,0
1.09,1,1,1,1,1,1,1,0
1.777,1,1,1,1,1,1,1,0
3.995,1,1,1,1,1,1,1,0
2.409,1,1,1,1,1,1,1,0
1.38,1,1,1,1,1,1,2,0
2.292,1,1,1,1,1,1,1,0
18.0,1,1,1,1,1,1,1,0
5.052,2,1,2,2,2,2,3,0
3.787,1,1,1,1,1,1,1,0
1.461,1,1,1,1,1,1,1,0
1.3,1,1,1,1,1,1,1,0
1.285,1,1,1,1,1,1,1,0
2.297,1,1,1,1,1,1,1,0
5.888,1,1,1,1,1,1,1,0
1.375,1,1,1,1,1,1,1,0
2.016,1,1,1,2,2,1,1,0
1.3,1,1,1,1,1,1,1,0
1.75,1,1,1,1,1,1,1,0
4.06,1,1,1,1,1,1,1,0
1.894,1,1,1,1,2,1,2,0
1.731,1,1,1,1,2,1,1,0
2.325,1,1,1,1,1,1,1,0
4.037,1,1,1,1,1,1,1,0
1.848,1,1,1,1,2,1,1,0
4.166,1,1,1,1,1,1,1,0
4.791,1,1,1,1,1,1,1,0
13.562,1,1,1,1,2,2,1,0
1.615,1,1,1,1,1,1,1,0
4.8,1,1,1,1,1,1,1,0
2.173,1,1,1,1,1,1,1,0
1.962,1,1,1,1,2,1,1,0
1.798,1,1,1,1,2,1,1,0
1.794,1,1,1,1,1,1,1,0
3.74,1,1,1,1,1,1,1,0
1.068,1,1,1,1,2,1,1,0
2.187,1,1,1,1,1,1,1,0
4.36,1,1,1,1,1,1,1,0
2.367,1,1,1,1,1,1,1,0
1.6,1,1,1,1,1,1,1,0
1.918,1,1,1,1,1,1,1,0
3.541,1,1,1,1,1,1,2,0
1.645,1,1,1,1,1,1,2,0
1.226,1,1,1,2,1,1,1,0
2.0,1,1,1,1,2,1,1,0
5.111,1,1,1,1,1,1,1,0
1.506,1,1,1,1,1,1,1,0
1.15,1,1,1,1,1,1,1,0
2.925,1,1,1,1,1,1,1,0
1.84,1,1,1,1,1,1,1,0
3.333,1,1,1,1,1,1,1,0
3.425,1,1,2,2,2,2,2,0
2.166,1,1,1,1,1,1,1,0
1.863,1,1,1,1,1,1,2,0
1.83,1,1,1,1,1,1,1,0
1.679,1,1,1,1,2,1,1,0
1.679,1,1,1,1,2,1,1,0
2.735,1,1,1,1,2,1,1,0
1.875,1,1,1,1,1,1,3,0
1.8,1,1,1,1,1,1,1,0
2.121,1,2,1,1,2,1,1,0
1.502,1,1,1,1,2,1,1,0
2.0,1,1,1,1,1,1,1,0
2.714,1,1,1,1,1,1,2,0
2.875,1,1,1,1,1,1,1,0
2.79,1,1,1,1,1,1,1,0
2.056,1,1,1,1,2,1,1,0
1.25,1,1,1,1,1,1,1,0
1.1,1,1,1,1,2,1,1,0
2.076,1,1,1,1,1,1,1,0
1.904,1,1,1,1,1,1,1,0
2.201,1,1,1,1,1,1,1,0
1.166,1,1,1,1,2,1,1,0
1.813,1,1,1,1,2,1,1,0
3.27,1,1,1,2,1,1,1,0
1.727,1,1,1,1,1,1,1,0
1.923,1,1,1,1,2,1,2,0
1.0,1,1,1,1,1,1,1,0
1.363,1,1,1,1,2,1,2,0
1.647,1,1,1,2,1,1,1,0
1.727,1,1,1,2,1,1,1,0
1.333,1,1,1,1,1,1,1,0
1.666,1,1,1,2,1,1,1,0
2.235,1,1,1,1,1,1,1,0
5.25,1,1,1,1,1,1,2,0
1.375,1,1,1,1,1,1,1,0
1.902,1,1,1,1,1,1,2,0
1.259,1,1,1,1,1,1,1,0
3.5,1,1,1,1,1,1,1,0
1.3,1,1,1,1,1,1,3,0
1.785,1,1,1,1,1,1,1,0
2.187,1,1,1,1,1,1,1,0
1.0,1,1,1,1,1,1,1,0
1.0,1,1,1,1,1,1,1,0
2.3,1,1,1,1,2,1,1,0
2.797,1,1,1,1,1,1,1,0
1.29,1,1,1,1,2,1,1,0
1.0,1,1,1,1,1,1,1,0
4.341,1,1,1,1,1,1,1,0
1.545,1,1,1,1,2,1,1,0
1.611,1,1,1,1,1,1,1,0
2.589,1,1,1,1,2,1,1,0
3.052,1,1,1,1,1,1,3,0
2.202,1,1,1,2,1,1,2,0
2.724,1,1,1,1,1,1,1,0
1.0,1,1,1,1,1,1,1,0
1.34,1,1,1,1,1,1,2,0
2.5,1,1,1,1,1,1,1,0
1.607,1,1,1,1,1,1,1,0
2.125,1,1,1,1,1,1,1,0
6.8,1,1,1,1,1,1,1,0
1.181,1,1,1,1,1,1,1,0
1.873,1,1,1,1,1,1,1,0
1.0,1,1,1,1,1,1,1,0
5.888,1,1,1,1,1,1,1,0
1.464,1,1,1,1,1,1,1,0
2.216,1,1,1,1,1,1,1,0
2.333,1,1,1,1,1,1,1,0
2.224,1,1,1,1,1,1,1,0
1.3,1,1,1,1,1,1,1,0
1.486,1,1,1,1,2,1,1,0
1.0,1,1,1,1,1,1,1,0
1.411,1,1,1,1,1,1,1,0
2.824,1,1,1,1,1,1,1,0
2.634,1,2,1,1,1,2,1,0
3.333,1,1,1,1,1,1,1,0
1.78,1,1,1,1,2,1,1,0
1.0,1,1,1,1,1,1,1,0
2.309,1,1,2,1,1,1,1,0
1.382,1,1,1,2,1,1,3,0
3.317,1,1,1,1,1,1,1,0
1.98,1,1,1,1,1,1,1,0
3.015,1,1,1,1,1,1,1,0
1.468,1,1,1,2,1,1,2,0
2.125,1,1,1,1,1,1,2,0
1.718,1,1,1,1,1,1,1,0
2.928,1,1,1,1,1,1,1,0
2.222,1,1,1,1,1,1,3,0
1.764,1,1,1,1,1,1,1,0
1.0,1,1,1,1,1,1,1,0
1.681,1,1,1,1,1,1,1,0
1.535,1,1,1,2,1,1,2,0
1.125,1,1,1,1,1,1,1,0
2.727,1,1,1,1,1,1,1,0
1.379,1,1,1,1,1,1,1,0
1.529,1,1,1,1,2,1,1,0
2.24,1,1,1,1,1,1,1,0
1.619,1,1,1,1,1,1,1,0
1.0,1,1,1,1,1,1,1,0
1.142,1,1,1,2,2,1,1,0
1.523,1,1,1,1,2,1,1,0
1.0,1,1,1,1,1,1,1,0
2.0,1,1,1,2,1,1,2,0
1.484,1,1,1,1,2,1,1,0
1.5,1,1,1,1,1,1,1,0
1.974,1,1,1,1,1,2,1,0
3.38,1,1,1,1,1,1,1,0
2.716,1,1,1,1,2,1,1,0
2.0,1,1,1,1,2,1,1,0
1.763,1,1,1,1,1,1,1,0
1.843,1,1,1,2,1,1,2,0
2.142,1,1,1,1,1,1,1,0
3.0,1,1,1,1,1,1,1,0
2.1,1,1,1,1,2,1,1,0
1.641,1,1,1,1,1,1,1,0
1.352,1,1,2,1,1,1,1,0
3.9,1,1,1,1,1,1,1,0
2.0,1,1,1,1,1,1,1,0
1.611,1,1,1,1,1,1,1,0
4.446,1,1,1,1,1,1,1,0
1.666,1,1,1,1,1,1,1,0
1.9,1,1,1,1,1,1,1,0
2.293,1,1,1,1,2,1,1,0
1.666,1,1,1,1,1,1,1,0
2.0,1,1,1,1,2,1,1,0
1.111,1,1,1,2,1,1,1,0
1.569,1,1,1,1,1,1,1,0
2.0,1,1,1,1,1,1,1,0
2.28,1,1,1,1,1,1,1,0
2.065,1,1,1,1,1,1,1,0
2.486,1,1,1,1,1,1,1,0
1.0,1,1,1,1,1,1,1,0
3.75,1,1,1,1,1,1,1,0
3.923,1,1,1,1,1,1,1,0
1.8,1,1,1,1,1,1,1,0
1.0,1,1,1,1,1,1,1,0
6.823,1,1,1,2,2,1,1,0
1.4,1,1,1,1,1,1,1,0
1.571,1,1,1,1,1,1,1,0
1.068,1,1,1,1,1,1,2,0
4.326,1,1,1,1,1,1,1,0
4.25,1,1,1,1,1,1,1,0
3.875,1,1,1,1,1,1,1,0
2.464,1,1,1,1,2,1,1,0
18.0,1,1,1,1,1,1,1,0
1.125,1,1,1,1,1,1,1,0
1.8,1,1,1,1,1,1,1,0
1.8,1,1,1,1,1,1,1,0
1.8,1,1,1,1,1,1,1,0
1.8,1,1,1,1,1,1,1,0
2.473,1,1,1,1,1,1,2,0
1.735,1,1,1,1,2,1,1,0
2.291,1,1,1,1,2,1,3,0
1.972,1,1,1,1,2,1,1,0
2.333,1,1,1,1,2,1,1,0
1.8,1,1,1,1,1,1,1,0
2.037,1,1,1,1,2,1,2,0
1.312,1,1,1,1,2,1,1,0
1.8,1,1,1,1,1,1,1,0
2.24,1,1,1,1,2,1,2,0
1.204,1,1,1,2,2,1,1,0
2.988,1,1,1,2,2,1,2,0
1.8,1,1,1,1,1,1,1,0
2.227,1,1,1,1,1,1,1,0
1.8,1,1,1,1,1,1,1,0
1.8,1,1,1,1,1,1,1,0
2.0,1,1,1,1,1,1,1,0
1.8,1,1,1,1,1,1,1,0
1.8,1,1,1,1,1,1,1,0
1.8,1,1,1,1,1,1,1,0
1.8,1,1,1,1,1,1,1,0
1.8,1,1,1,1,1,1,1,0
1.8,1,1,1,1,1,1,1,0
2.5,1,1,1,1,1,1,1,0
2.166,1,1,1,1,1,1,1,0
2.142,1,1,1,1,1,1,1,0
1.0,1,1,1,1,1,1,1,0
5.264,1,1,1,1,1,1,1,0
5.331,2,1,1,1,1,1,1,0
4.4,1,1,1,1,1,1,1,0
1.0,1,1,1,1,1,1,1,0
1.48,1,1,1,1,2,1,1,0
5.603,1,1,1,1,1,1,1,0
1.0,1,1,1,1,1,1,1,0
3.333,1,1,1,1,1,1,1,0
2.428,1,1,1,1,1,1,1,0
3.0,1,1,1,1,1,1,1,0
3.037,1,1,1,1,2,1,1,0
4.333,1,1,1,1,1,1,1,0
1.8,1,1,1,1,1,1,1,0
1.384,1,1,1,1,1,1,1,0
1.0,1,1,1,1,1,1,1,0
4.808,1,1,1,1,1,1,1,0
1.571,1,1,1,1,2,1,1,0
1.714,1,1,1,1,1,1,2,0
1.0,1,1,1,1,1,1,1,0
2.646,1,1,1,1,1,1,1,0
1.472,1,1,1,1,2,1,1,0
2.63,1,1,1,1,2,1,1,0
1.481,1,1,1,1,1,1,1,0
1.269,1,1,1,1,1,1,1,0
1.652,1,1,1,1,1,1,1,0
1.333,1,1,1,1,1,1,1,0
1.695,1,1,1,1,1,1,1,0
1.541,1,1,1,1,1,1,1,0
2.902,1,1,1,1,1,1,1,0
1.0,1,1,1,1,1,1,1,0
1.911,1,1,1,1,1,2,1,0
2.0,1,2,1,1,1,1,1,0
2.708,1,1,1,1,1,1,1,0
4.484,1,1,1,1,1,1,1,0
2.186,1,1,1,1,1,1,1,0
2.197,1,1,1,1,1,1,1,0
1.055,1,1,1,1,2,1,2,0
17.952,1,1,1,1,1,1,1,0
1.354,1,1,2,1,2,1,1,0
1.87,1,1,1,1,2,1,1,0
1.85,1,1,1,1,1,1,1,0
2.3,1,1,1,1,1,1,3,0
3.333,1,1,1,1,1,1,1,0
1.48,1,1,1,1,1,1,1,0
4.571,2,1,1,1,1,2,1,0
1.552,1,1,1,1,1,1,1,0
1.4,1,1,1,1,2,1,1,0
1.588,1,1,1,2,2,1,1,0
2.214,1,1,1,1,1,1,1,0
5.473,1,1,1,1,1,2,1,0
2.277,1,1,1,1,1,1,1,0
2.151,1,1,1,1,1,1,1,0
1.461,1,1,1,1,1,1,1,0
2.364,1,1,1,1,2,1,1,0
1.99,1,1,1,1,2,1,1,0
1.888,1,1,1,1,1,1,1,0
1.4,1,1,1,1,1,1,1,0
1.806,1,1,1,2,1,1,1,0
1.528,1,1,1,1,1,1,1,0
1.2,1,1,1,2,1,1,1,0
1.666,1,1,1,1,1,1,1,0
1.635,1,1,1,1,2,1,1,0
2.386,1,1,1,1,1,1,1,0
1.541,1,1,1,1,1,1,1,0
1.65,1,1,1,1,1,1,1,0
2.0,1,1,1,1,1,1,1,0
1.454,1,1,1,1,1,1,1,0
2.391,1,1,1,1,1,1,1,0
2.09,1,1,1,1,1,1,1,0
1.0,1,1,1,1,1,1,1,0
3.333,1,1,1,1,1,1,1,0
3.789,1,1,1,1,1,1,1,0
1.0,1,1,1,1,1,1,1,0
3.196,1,1,1,1,1,1,1,0
1.777,1,1,1,1,1,1,2,0
1.857,1,1,1,1,1,1,1,0
2.879,1,1,1,2,1,1,1,0
17.857,1,1,1,1,1,1,1,0
2.198,1,1,1,1,2,1,1,0
1.0,1,1,1,1,1,1,1,0
1.166,1,1,1,1,1,1,1,0
1.166,1,1,1,1,1,1,1,0
4.223,1,1,1,1,2,1,1,0
2.333,1,1,1,1,1,1,3,0
2.5,1,1,1,1,1,1,1,0
1.47,1,1,1,1,1,1,1,0
2.15,1,2,1,1,1,1,1,0
2.157,1,1,1,2,1,1,1,0
1.187,1,1,1,1,1,1,2,0
1.25,1,1,1,1,1,1,1,0
1.0,1,1,1,1,1,1,1,0
1.5,1,1,1,1,1,1,3,0
1.0,1,1,1,1,1,1,1,0
1.218,1,1,1,2,1,1,3,0
2.444,1,1,1,1,1,1,1,0
1.611,1,1,1,1,1,1,1,0
1.5,1,1,1,1,2,1,3,0
2.341,1,1,1,1,2,1,1,0
2.8,1,1,1,1,1,1,1,0
1.455,1,1,1,1,2,1,1,0
2.876,1,1,1,1,2,1,1,0
1.933,1,1,1,1,1,1,2,0
1.285,1,1,1,1,1,1,1,0
1.25,1,1,1,1,1,1,1,0
1.181,1,1,1,1,1,1,1,0
4.25,1,1,1,1,1,1,1,0
1.629,2,1,1,1,1,1,1,0
1.75,1,1,1,1,1,1,1,0
1.0,1,1,1,1,1,1,1,0
1.677,1,1,1,1,2,1,1,0
4.115,1,1,1,1,2,2,2,0
2.926,1,1,1,1,2,1,1,0
2.658,1,1,1,1,1,2,1,0
1.389,1,1,1,1,2,1,1,0
2.524,1,1,1,1,2,1,1,0
1.533,2,1,1,1,2,1,2,0
2.101,1,1,1,1,1,1,2,0
1.877,1,1,1,1,2,1,1,0
2.705,1,1,1,1,1,1,1,0
2.166,1,1,1,1,1,1,1,0
3.333,1,1,1,1,1,1,1,0
1.0,1,1,1,1,1,1,1,0
1.827,1,1,1,1,1,1,1,0
2.785,1,1,1,1,1,1,1,0
2.347,1,1,1,1,1,1,1,0
2.034,1,1,1,1,1,1,1,0
1.74,1,1,1,1,2,1,1,0
1.785,1,1,1,1,2,1,1,0
3.333,1,1,1,1,1,1,1,0
3.333,1,1,1,1,1,1,1,0
5.291,1,1,1,1,1,1,1,0
1.759,1,1,1,1,2,1,1,0
3.846,1,1,1,1,1,1,1,0
1.0,1,1,1,1,1,1,1,0
1.0,1,1,1,1,1,1,1,0
1.0,1,1,1,1,1,1,1,0
1.0,1,1,1,1,1,1,1,0
1.529,1,1,1,1,1,1,1,0
1.0,1,1,1,1,1,1,1,0
1.0,1,1,1,1,1,1,1,0
2.285,1,1,1,1,1,1,1,0
1.0,1,1,1,1,1,1,1,0
1.0,1,1,1,1,1,1,1,0
1.0,1,1,1,1,1,1,1,0
1.5,1,1,1,1,1,1,1,0
1.0,1,1,1,1,1,1,1,0
1.0,1,1,1,1,1,1,1,0
1.5,1,1,1,1,1,1,1,0
1.0,1,1,1,1,1,1,1,0
1.0,1,1,1,1,1,1,1,0
1.0,1,1,1,1,1,1,1,0
1.0,1,1,1,1,1,1,1,0
1.0,1,1,1,1,1,1,1,0
1.0,1,1,1,1,1,1,1,0
1.0,1,1,1,1,1,1,1,0
1.0,1,1,1,1,1,1,1,0
1.0,1,1,1,1,1,1,1,0
2.0,1,1,1,1,1,1,1,0
1.142,1,1,1,1,1,1,1,0
1.0,1,1,1,1,1,1,1,0
1.0,1,1,1,1,1,1,1,0
1.0,1,1,1,1,1,1,1,0
1.428,1,1,1,1,2,1,1,0
2.508,1,1,1,1,1,1,1,0
3.275,1,1,1,1,2,1,1,0
4.665,1,1,1,1,1,1,1,0
2.022,1,1,1,1,1,1,2,0
2.306,1,1,1,1,1,1,1,0
1.12,1,1,1,1,1,1,1,0
1.0,1,1,1,1,1,1,1,0
1.0,1,1,1,1,1,1,1,0
2.0,1,1,1,1,1,1,1,0
1.25,1,1,1,1,1,1,1,0
2.35,1,1,1,1,2,1,2,0
1.936,1,1,1,1,1,1,1,0
1.784,1,1,1,1,2,1,1,0
2.288,1,1,1,1,1,1,2,0
2.321,1,1,1,1,1,1,1,0
1.115,1,1,1,1,2,1,1,0
1.788,1,1,1,1,1,1,1,0
1.0,1,1,1,1,2,1,1,0
1.25,1,1,1,1,1,1,1,0
1.8,1,1,1,1,1,1,1,0
5.888,1,1,1,1,1,1,1,0
1.0,1,1,1,1,1,1,1,0
5.593,1,1,1,1,2,1,1,0
1.38,1,1,1,2,1,1,2,0
4.325,1,1,1,1,2,1,1,0
1.285,1,1,1,1,2,1,2,0
1.714,1,1,1,1,2,1,1,0
1.2,1,1,1,1,1,1,1,0
1.913,1,1,1,2,2,1,1,0
2.275,1,1,1,1,1,1,1,0
2.076,1,1,1,1,1,1,3,0
1.705,1,1,1,1,2,1,1,0
2.857,1,1,1,1,1,1,1,0
1.0,1,1,1,1,1,1,1,0
1.0,1,1,1,1,1,1,1,0
1.5,1,1,1,1,1,1,1,0
1.545,1,1,1,1,1,1,1,0
1.686,1,1,1,1,1,1,1,0
1.0,1,1,1,1,2,1,1,0
1.333,1,1,1,1,2,1,1,0
1.565,1,1,1,1,1,1,2,0
1.312,1,1,1,1,2,1,2,0
1.574,1,1,1,1,2,1,1,0
1.75,1,1,1,1,1,1,1,0
17.904,1,1,1,1,1,1,1,0
2.227,1,1,1,1,1,1,1,0
1.712,1,1,1,2,1,1,1,0
1.25,1,1,1,1,1,1,1,0
2.529,1,1,1,1,1,1,1,0
1.647,1,1,1,1,1,1,1,0
3.666,1,1,1,1,2,1,1,0
1.214,1,1,1,1,1,1,2,0
3.277,1,1,1,2,1,1,1,0
2.111,1,1,1,1,1,1,1,0
1.72,1,1,1,2,2,2,2,0
1.285,1,1,1,2,1,1,1,0
1.384,1,1,1,1,1,1,1,0
1.777,1,1,1,1,2,1,2,0
1.0,1,1,1,1,1,1,1,0
3.716,1,1,1,1,2,1,1,0
1.536,1,1,1,1,2,1,1,0
1.406,1,1,1,1,1,1,1,0
6.333,1,1,1,1,1,1,1,0
2.5,1,1,1,1,1,1,1,0
3.888,1,1,1,1,1,1,1,0
3.291,1,1,1,1,1,1,1,0
1.66,1,1,1,1,1,1,1,0
1.6,1,1,1,1,2,1,2,0
2.068,1,1,1,1,2,1,1,0
2.386,1,1,1,1,1,1,1,0
2.45,1,1,1,1,1,1,1,0
3.212,1,1,1,1,1,1,1,0
2.738,1,1,1,1,1,1,1,0
1.4,1,1,1,1,1,1,1,0
4.461,1,1,1,1,1,1,1,0
2.174,1,1,1,1,1,1,1,0
4.666,1,1,1,1,1,1,1,0
1.0,1,1,1,2,2,1,1,0
4.122,1,1,1,1,1,1,1,0
1.928,1,1,1,1,1,1,1,0
2.4,1,1,1,2,2,1,1,0
1.578,1,1,1,1,1,1,1,0
1.222,1,1,1,1,1,1,1,0
1.601,1,1,1,1,1,1,1,0
1.602,1,1,1,1,1,1,1,0
1.748,1,1,1,1,2,1,1,0
2.44,1,1,1,1,1,1,1,0
3.444,1,1,1,1,1,1,3,0
1.725,1,1,1,1,1,1,1,0
2.875,1,1,1,1,1,1,1,0
1.5,1,1,1,1,2,1,1,0
2.068,1,1,1,1,2,1,1,0
2.862,1,1,1,1,1,1,1,0
3.444,1,1,1,1,1,1,1,0
1.373,1,1,1,1,1,1,1,0
2.333,1,1,1,1,2,1,1,0
1.878,1,1,1,1,1,1,1,0
2.259,1,1,1,1,2,1,1,0
2.588,1,1,1,1,1,1,2,0
2.096,1,1,1,1,1,1,1,0
1.0,1,1,1,1,1,1,3,0
3.1,1,1,1,1,1,1,1,0
1.076,1,1,1,1,1,1,2,0
1.0,1,1,1,1,1,1,3,0
1.081,1,1,1,1,2,1,1,0
1.0,1,1,1,1,1,1,1,0
2.315,1,1,1,1,1,1,1,0
1.684,1,1,1,1,1,1,2,0
1.275,1,1,1,1,1,1,1,0
2.166,1,1,1,1,1,1,3,0
1.0,1,1,1,1,1,1,1,0
1.129,1,1,1,1,2,1,1,0
1.36,1,1,1,1,1,1,3,0
1.829,1,1,1,1,1,1,2,0
1.5,1,1,1,1,1,1,1,0
1.0,1,1,1,1,1,1,1,0
1.24,1,1,1,1,1,1,1,0
1.0,1,1,1,1,1,1,3,0
1.0,1,1,1,1,1,1,1,0
1.428,1,1,1,1,1,1,1,0
1.214,1,1,1,1,2,1,1,0
1.406,1,1,1,1,1,1,1,0
1.0,1,1,1,1,1,1,1,0
1.515,1,1,1,1,1,2,1,0
1.142,1,1,1,1,1,1,1,0
1.0,1,1,1,1,1,1,3,0
1.0,1,1,1,2,1,1,1,0
1.0,1,1,1,1,1,1,3,0
1.833,1,1,1,1,1,1,1,0
1.0,1,1,1,1,1,1,1,0
1.285,1,1,1,1,1,1,1,0
4.176,1,1,1,2,1,1,1,0
1.727,1,1,1,1,1,1,1,0
3.149,1,1,1,1,1,1,1,0
1.458,1,1,1,1,2,1,1,0
1.523,1,1,1,1,1,1,1,0
2.063,1,1,1,1,1,1,1,0
2.078,1,1,1,1,2,1,1,0
2.527,1,1,1,1,1,1,1,0
3.304,1,1,1,1,1,1,1,0
3.391,1,1,1,1,1,1,1,0
1.111,1,1,1,1,1,1,1,0
1.857,1,1,1,1,1,1,1,0
2.686,1,1,1,1,2,1,2,0
1.857,1,1,1,2,1,1,3,0
1.652,1,1,1,1,1,2,2,0
4.375,1,1,1,2,1,1,2,0
2.89,1,2,2,2,2,1,2,0
5.8,1,1,1,2,1,1,1,0
1.119,1,1,1,1,1,1,3,0
1.0,1,1,1,1,1,1,2,0
1.0,1,1,1,1,1,1,3,0
1.222,1,1,1,1,1,1,3,0
1.77,1,1,1,1,1,1,1,0
1.333,1,1,1,1,1,1,1,0
1.4,1,1,1,1,1,1,1,0
1.071,1,1,2,1,1,1,1,0
1.0,1,1,1,1,1,1,1,0
1.403,1,1,2,2,1,1,3,0
1.0,1,1,1,1,1,1,1,0
1.5,1,1,1,1,1,1,1,0
2.608,1,1,1,1,1,1,1,0
2.172,1,1,1,1,1,1,2,0
1.777,1,1,1,1,1,1,2,0
2.391,1,1,1,1,1,1,1,0
7.288,1,1,1,1,2,1,1,0
1.263,1,1,1,2,1,1,2,0
2.538,1,1,1,1,1,2,2,0
1.636,1,1,1,1,1,1,1,0
2.533,1,1,1,2,2,1,1,0
2.084,1,1,1,1,2,1,1,0
1.264,1,1,1,1,2,1,1,0
2.0,1,1,1,1,1,1,2,0
2.5,1,1,2,1,1,1,3,0
1.96,1,1,1,1,1,1,2,0
6.51,1,1,1,1,1,1,2,0
5.754,1,1,1,1,1,1,1,0
6.186,1,1,1,1,1,1,1,0
1.0,1,1,1,1,1,1,2,0
2.184,1,1,1,2,1,1,1,0
2.45,1,1,1,1,1,2,1,0
2.038,1,1,1,2,1,1,3,0
3.08,1,1,1,1,1,1,1,0
1.386,1,1,1,1,1,1,3,0
1.592,2,1,1,1,2,2,1,0
3.0,1,1,1,1,1,1,1,0
1.0,1,1,1,1,1,1,1,0
1.0,1,1,1,1,1,1,1,0
1.125,1,1,1,1,1,1,1,0
1.111,1,1,1,1,1,1,1,0
2.0,1,1,1,1,1,1,1,0
1.612,1,1,1,1,1,1,1,0
1.0,1,1,1,1,1,1,1,0
2.854,1,1,2,2,1,2,1,0
2.171,1,1,1,1,1,1,3,0
2.23,1,1,1,1,1,1,3,0
1.833,1,1,1,1,1,1,2,0
1.203,1,1,1,1,1,1,1,0
1.75,1,1,1,1,1,1,1,0
1.937,1,1,1,1,1,1,2,0
1.627,1,1,2,1,1,1,1,0
1.538,1,1,1,1,1,1,1,0
5.07,1,1,1,2,1,1,2,0
8.478,1,1,1,2,1,1,1,0
5.196,1,1,1,2,1,1,2,0
4.0,1,1,1,2,1,1,2,0
3.122,1,1,1,2,1,1,2,0
2.621,1,1,1,1,1,1,1,0
2.057,1,1,1,1,1,1,1,0
1.538,1,1,1,1,2,1,3,0
1.947,1,1,1,1,1,1,1,0
1.247,1,1,1,1,1,1,1,0
2.666,1,1,1,1,1,1,3,0
1.642,1,1,1,2,1,1,1,0
13.25,1,1,1,1,1,1,3,0
1.901,1,1,1,1,2,1,1,0
2.13,1,1,1,1,1,1,3,0
3.4,1,1,1,1,1,1,3,0
2.352,1,1,1,1,1,1,1,0
2.294,1,1,1,1,1,1,1,0
1.5,1,1,1,1,1,1,1,0
2.285,1,1,1,1,1,1,3,0
1.222,1,1,1,1,1,1,1,0
1.0,1,1,1,1,1,1,1,0
2.241,1,1,1,1,1,1,1,0
1.0,1,1,1,1,1,1,1,0
1.1,1,1,1,2,1,2,1,0
1.0,1,1,1,1,1,1,1,0
1.0,1,1,1,1,1,1,1,0
1.137,1,1,1,1,1,1,1,0
1.122,1,1,1,2,1,1,1,0
2.125,1,1,1,1,1,1,3,0
2.076,1,1,1,1,1,1,2,0
3.125,1,1,1,1,1,1,2,0
3.117,1,1,1,1,1,1,1,0
1.36,1,1,1,1,1,1,1,0
3.0,1,1,1,1,1,2,3,0
2.72,1,1,1,1,1,2,1,0
1.198,1,1,1,1,1,1,1,0
3.173,1,1,1,1,1,2,1,0
3.125,1,1,1,1,1,1,1,0
3.377,1,1,1,1,1,1,1,0
1.722,1,1,1,1,1,1,1,0
1.837,1,1,1,1,1,1,1,0
2.0,1,1,1,1,2,1,1,0
1.433,1,1,1,1,2,1,1,0
1.666,1,1,1,1,1,1,1,0
2.0,1,1,1,1,1,1,1,0
1.611,1,1,1,2,1,1,1,0
1.9,1,1,1,1,1,1,1,0
2.447,1,1,1,1,2,1,1,0
1.0,1,1,1,1,1,1,1,0
1.0,1,1,1,1,1,1,1,0
1.13,1,1,1,1,2,1,1,0
2.432,1,1,1,1,2,1,1,0
1.489,1,1,1,1,2,1,1,0
1.22,1,1,1,2,1,1,1,0
1.488,1,1,1,1,1,1,1,0
1.2,1,1,1,1,1,1,1,0
3.766,1,1,1,1,1,1,1,0
1.571,1,1,1,1,1,1,1,0
1.586,1,1,1,1,1,1,1,0
1.375,1,1,1,1,1,1,1,0
1.793,1,1,1,1,2,1,1,0
1.111,1,1,1,1,1,1,1,0
1.0,1,1,1,1,1,1,1,0
1.0,1,1,1,1,1,1,1,0
1.555,1,1,1,1,1,1,2,0
1.404,1,1,1,1,1,1,1,0
1.147,1,1,1,1,2,1,1,0
